Size,Eval per Kernel,Repeat,Out of order,Dummy Time (ns),Compute Time (ns),Native Compute Time (ns)
2,1,1,0,47262,75331.5,77186.5
2,1,1,1,52615,54796.5,10885.5
2,1,2,0,24532.25,45972.5,20432.75
2,1,2,1,12969.75,27467.25,15106.25
2,1,4,0,3388,3179.125,3104.75
2,1,4,1,4476.125,4171.75,3320.75
2,1,8,0,6501.5625,5695.125,2105
2,1,8,1,10647.8125,9362.0625,2235.75
2,1,16,0,4095,3200.4375,1556.09375
2,1,16,1,3240.0625,1550.90625,1530.125
2,1,32768,0,1197.72021484375,1243.4067993164062,1228.3647918701172
2,1,32768,1,1424.401870727539,1308.1688690185547,1261.9142303466797
2,1,65536,0,1224.113998413086,1363.3098449707031,1371.3315505981445
2,1,65536,1,1217.6901245117188,1310.246971130371,1369.7356719970703
2,1,131072,0,1245.6737937927246,1387.0960426330566,1351.0534629821777
2,1,131072,1,1216.7941627502441,1373.6124458312988,1402.8316535949707
4,1,1,0,33377.5,39075,19459.75
4,1,1,1,5420.25,6042.25,5547.5
4,1,2,0,19008.875,16556.875,7525.125
4,1,2,1,17971.375,19922.875,2932.875
4,1,4,0,6905.375,5304.1875,1599
4,1,4,1,6921.6875,7130.9375,5283.3125
4,1,8,0,3744.1875,3187.15625,1218.65625
4,1,8,1,5122.0625,5375.6875,2793.84375
4,1,16,0,1437.984375,790.359375,789.390625
4,1,16,1,2025.703125,1684.453125,786.875
4,1,32768,0,670.95947265625,778.2977294921875,633.9331512451172
4,1,32768,1,596.1835098266602,723.8473968505859,631.9502716064453
4,1,65536,0,634.8363456726074,678.7057723999023,729.7559776306152
4,1,65536,1,644.7788505554199,649.4660263061523,626.7099304199219
4,1,131072,0,614.3681488037109,653.8347511291504,668.764196395874
4,1,131072,1,656.5833587646484,647.3082675933838,653.1108551025391
8,1,1,0,10102,12226.25,2713.125
8,1,1,1,12562.25,3690.75,2776.75
8,1,2,0,10655.75,1576.25,1446.75
8,1,2,1,1392.0625,1548.9375,1451.5625
8,1,4,0,4205.9375,3600.8125,1009.1875
8,1,4,1,3388.65625,4272.625,810.0625
8,1,8,0,1016.625,1729.71875,1390.484375
8,1,8,1,2466.453125,542.703125,1426.359375
8,1,16,0,1485.4609375,1471.7578125,436.4453125
8,1,16,1,1463.1015625,1275.421875,421.21875
8,1,32768,0,298.7406692504883,317.4024543762207,350.34228134155273
8,1,32768,1,294.20202255249023,351.91167068481445,306.316951751709
8,1,65536,0,308.00061416625977,323.9313907623291,318.32322883605957
8,1,65536,1,299.7656879425049,323.4058303833008,337.68002700805664
8,1,131072,0,298.427716255188,337.54743671417236,332.3442039489746
8,1,131072,1,278.186222076416,320.1796064376831,300.6242570877075
16,1,1,0,7999.5625,8208.9375,1416.0625
16,1,1,1,1815.9375,6180.3125,1916.75
16,1,2,0,3592.625,2586.1875,725.25
16,1,2,1,5052.53125,4284.09375,924.875
16,1,4,0,2355.546875,1026.75,390.515625
16,1,4,1,1895.609375,1743.375,477.296875
16,1,8,0,1369.9921875,1174.625,265.265625
16,1,8,1,912.296875,279.4765625,261.0859375
16,1,16,0,191.4453125,266.5078125,195.14453125
16,1,16,1,194.71875,195.765625,194.1640625
16,1,32768,0,144.78285026550293,150.51064109802246,175.02604866027832
16,1,32768,1,144.88564109802246,176.7311305999756,154.0987148284912
16,1,65536,0,146.62378215789795,157.62316608428955,170.9435739517212
16,1,65536,1,146.3937578201294,157.83818340301514,168.53185081481934
16,1,131072,0,145.33293867111206,152.47637128829956,148.79062128067017
16,1,131072,1,143.9281439781189,147.98996496200562,153.51109838485718
32,1,1,0,2951.40625,2840.875,847.8125
32,1,1,1,4720.78125,5029.15625,694.375
32,1,2,0,1656.46875,1897.265625,441.09375
32,1,2,1,1091.953125,1550.640625,937.59375
32,1,4,0,240.2890625,223.25,209.0859375
32,1,4,1,715.7890625,519,208.6875
32,1,8,0,435.5078125,287.75,134.328125
32,1,8,1,662.97265625,637.95703125,337.765625
32,1,16,0,93.380859375,131.669921875,92.923828125
32,1,16,1,162.947265625,196.6640625,102.916015625
32,1,32768,0,68.60437393188477,77.32616329193115,71.97272205352783
32,1,32768,1,68.05546569824219,74.84037685394287,73.48286628723145
32,1,65536,0,69.54975366592407,75.54033994674683,77.88877630233765
32,1,65536,1,71.07053804397583,75.8135313987732,78.79442834854126
32,1,131072,0,70.9083902835846,79.09409356117249,77.54786896705627
32,1,131072,1,71.93091583251953,79.01925683021545,75.90573811531067
64,1,1,0,1498.28125,1534.703125,354.40625
64,1,1,1,1852.65625,1176.453125,349.734375
64,1,2,0,216.484375,211.4765625,192.8359375
64,1,2,1,1073.921875,192.328125,178.8984375
64,1,4,0,469.17578125,455.54296875,122.8203125
64,1,4,1,600.671875,647.953125,310.30078125
64,1,8,0,333.3203125,331.611328125,65.689453125
64,1,8,1,289.8359375,373.564453125,80.908203125
64,1,16,0,118.94140625,118.65625,49.359375
64,1,16,1,185.953125,145.4755859375,53.603515625
64,1,32768,0,33.616700649261475,35.20363521575928,33.661967754364014
64,1,32768,1,32.65547180175781,34.81418991088867,37.53356313705444
64,1,65536,0,32.87316346168518,38.5464985370636,35.529520988464355
64,1,65536,1,33.311933517456055,35.50409412384033,37.03276038169861
64,1,131072,0,33.5323703289032,37.31183683872223,35.791518330574036
64,1,131072,1,34.885924100875854,35.61872124671936,36.432679653167725
128,1,1,0,478.8671875,1139.4140625,210.328125
128,1,1,1,941.0625,1024.609375,171.6796875
128,1,2,0,583.0234375,430.109375,109.84375
128,1,2,1,262.65625,283.0390625,153.828125
128,1,4,0,199.541015625,117.6640625,50.603515625
128,1,4,1,300.955078125,117.0546875,56.537109375
128,1,8,0,126.4599609375,101.2490234375,36.833984375
128,1,8,1,111.1005859375,39.345703125,31.84765625
128,1,16,0,90.23486328125,86.029296875,41.185546875
128,1,16,1,43.79443359375,24.57080078125,23.87353515625
128,1,32768,0,16.993557453155518,20.074538946151733,17.529903173446655
128,1,32768,1,17.064121961593628,17.95763874053955,18.050446271896362
128,1,65536,0,17.920987010002136,17.981778621673584,17.877171277999878
128,1,65536,1,16.931448221206665,19.74203097820282,18.555097818374634
128,1,131072,0,16.897625982761383,18.100326120853424,18.08156543970108
128,1,131072,1,17.04716384410858,18.85773080587387,18.48066234588623
256,1,512,0,10.869842529296875,8.69989013671875,9.254814147949219
256,1,512,1,9.3917236328125,8.907852172851562,9.108818054199219
256,1,1024,0,8.603145599365234,8.394771575927734,9.634819030761719
256,1,1024,1,9.46993637084961,8.085899353027344,8.213512420654297
256,1,2048,0,8.91678237915039,9.437646865844727,8.117303848266602
256,1,2048,1,8.248348236083984,9.164426803588867,9.289312362670898
256,2,512,0,11.305580139160156,8.823783874511719,8.377349853515625
256,2,512,1,9.035140991210938,9.41845703125,8.9791259765625
256,2,1024,0,8.600811004638672,9.0235595703125,9.706756591796875
256,2,1024,1,9.635112762451172,8.26883316040039,8.111183166503906
256,2,2048,0,8.525171279907227,13.612014770507812,11.275836944580078
256,2,2048,1,7.551015853881836,9.760787963867188,11.368814468383789
256,4,512,0,8.945243835449219,10.6585693359375,8.768852233886719
256,4,512,1,11.483131408691406,9.948692321777344,9.121406555175781
256,4,1024,0,9.506927490234375,7.865898132324219,8.720321655273438
256,4,1024,1,8.654449462890625,8.99770736694336,8.396636962890625
256,4,2048,0,7.913507461547852,7.998678207397461,8.194437026977539
256,4,2048,1,8.879104614257812,9.084157943725586,9.156166076660156
256,8,512,0,8.983390808105469,11.723320007324219,9.477058410644531
256,8,512,1,11.278617858886719,9.831024169921875,9.181045532226562
256,8,1024,0,8.837703704833984,9.843780517578125,9.284076690673828
256,8,1024,1,9.75390625,11.897682189941406,9.312019348144531
256,8,2048,0,9.07546615600586,9.831037521362305,9.410772323608398
256,8,2048,1,8.862974166870117,8.635442733764648,9.450799942016602
512,1,256,0,6.1392974853515625,5.1569976806640625,4.489387512207031
512,1,256,1,4.800987243652344,4.9067535400390625,4.494941711425781
512,1,512,0,5.406887054443359,4.439815521240234,4.657367706298828
512,1,512,1,4.759136199951172,4.617362976074219,4.559055328369141
512,1,1024,0,4.7100372314453125,4.880552291870117,4.142950057983398
512,1,1024,1,3.9609947204589844,4.188177108764648,4.158351898193359
512,2,256,0,6.161735534667969,4.381446838378906,4.392738342285156
512,2,256,1,5.001579284667969,5.142112731933594,4.381103515625
512,2,512,0,4.784137725830078,4.788982391357422,4.728832244873047
512,2,512,1,4.255786895751953,5.334308624267578,4.636150360107422
512,2,1024,0,4.809030532836914,4.127410888671875,4.038570404052734
512,2,1024,1,4.238245010375977,4.700178146362305,5.925886154174805
512,4,256,0,5.543190002441406,4.790687561035156,4.319618225097656
512,4,256,1,6.0005340576171875,4.826416015625,4.9773712158203125
512,4,512,0,5.6296844482421875,5.699878692626953,4.810882568359375
512,4,512,1,4.916080474853516,3.9440574645996094,4.386501312255859
512,4,1024,0,3.9447708129882812,4.252391815185547,4.1511383056640625
512,4,1024,1,4.132394790649414,9.408044815063477,6.795482635498047
512,8,256,0,4.3959197998046875,5.6853485107421875,4.963005065917969
512,8,256,1,6.296638488769531,4.8676910400390625,4.377044677734375
512,8,512,0,5.567226409912109,5.671382904052734,4.698158264160156
512,8,512,1,4.4627532958984375,4.692615509033203,4.573032379150391
512,8,1024,0,4.513582229614258,5.463079452514648,4.855218887329102
512,8,1024,1,4.092212677001953,4.7614288330078125,4.133934020996094
1024,1,128,0,2.3638534545898438,2.216522216796875,2.339141845703125
1024,1,128,1,2.5003204345703125,2.6614532470703125,2.2596893310546875
1024,1,256,0,2.6252899169921875,2.385417938232422,2.1678619384765625
1024,1,256,1,2.741016387939453,2.641284942626953,2.2917938232421875
1024,1,512,0,2.8725337982177734,2.093942642211914,2.0115432739257812
1024,1,512,1,2.4154491424560547,2.825420379638672,2.2725772857666016
1024,2,128,0,2.565216064453125,2.7998809814453125,2.370025634765625
1024,2,128,1,2.0092849731445312,2.3892745971679688,2.4043121337890625
1024,2,256,0,2.7281417846679688,2.1633224487304688,2.19287109375
1024,2,256,1,3.2727699279785156,2.8141632080078125,2.4197731018066406
1024,2,512,0,2.4126720428466797,2.4404258728027344,2.897390365600586
1024,2,512,1,2.7666549682617188,2.4340553283691406,2.267019271850586
1024,4,128,0,2.5973587036132812,2.3093719482421875,2.0685577392578125
1024,4,128,1,2.0048141479492188,1.994537353515625,1.9992599487304688
1024,4,256,0,3.4339065551757812,2.968799591064453,2.4743919372558594
1024,4,256,1,3.033275604248047,3.0225677490234375,2.3096237182617188
1024,4,512,0,2.8174571990966797,2.8663406372070312,2.359142303466797
1024,4,512,1,2.0988712310791016,2.6748085021972656,2.309194564819336
1024,8,128,0,2.2422409057617188,2.7192764282226562,2.2753219604492188
1024,8,128,1,2.2138824462890625,2.4573211669921875,2.29388427734375
1024,8,256,0,2.6559715270996094,3.249523162841797,2.5891265869140625
1024,8,256,1,2.33050537109375,2.34417724609375,2.384674072265625
1024,8,512,0,2.4537525177001953,2.449350357055664,2.084392547607422
1024,8,512,1,2.850522994995117,2.724843978881836,2.8903732299804688
2048,1,64,0,1.7057113647460938,1.8269577026367188,1.3535385131835938
2048,1,64,1,1.4839248657226562,1.99346923828125,1.3755645751953125
2048,1,128,0,0.9990882873535156,1.0233230590820312,1.1327247619628906
2048,1,128,1,1.2841720581054688,1.3207283020019531,1.1522941589355469
2048,1,256,0,1.1555976867675781,1.1468944549560547,1.1518173217773438
2048,1,256,1,1.274343490600586,1.0250740051269531,1.0203132629394531
2048,2,64,0,1.82647705078125,1.877838134765625,1.0727920532226562
2048,2,64,1,1.8232498168945312,1.8751068115234375,1.4646453857421875
2048,2,128,0,1.3311843872070312,1.302398681640625,1.3250999450683594
2048,2,128,1,1.33251953125,1.3072013854980469,1.1894111633300781
2048,2,256,0,1.6920490264892578,1.4372119903564453,1.1689796447753906
2048,2,256,1,1.598093032836914,1.4716529846191406,1.1092777252197266
2048,4,64,0,1.824462890625,1.49713134765625,1.4624862670898438
2048,4,64,1,1.3417587280273438,1.9430160522460938,1.8009872436523438
2048,4,128,0,1.2706146240234375,1.3137702941894531,1.2982521057128906
2048,4,128,1,1.1651229858398438,1.2219505310058594,1.049224853515625
2048,4,256,0,1.6625137329101562,1.5186595916748047,1.2422428131103516
2048,4,256,1,1.0370731353759766,1.0584468841552734,1.1003608703613281
2048,8,64,0,1.8245925903320312,1.9244842529296875,1.1314239501953125
2048,8,64,1,1.6332855224609375,1.6714019775390625,1.1374740600585938
2048,8,128,0,1.0468025207519531,1.0663986206054688,1.0635910034179688
2048,8,128,1,1.2780723571777344,1.3500900268554688,1.3182182312011719
2048,8,256,0,1.6559906005859375,1.5624198913574219,1.5529022216796875
2048,8,256,1,1.663614273071289,1.5268898010253906,1.2442245483398438
4096,1,32,0,1.3815383911132812,1.3010482788085938,1.0158920288085938
4096,1,32,1,0.8941116333007812,1.4400787353515625,1.0063323974609375
4096,1,64,0,0.937744140625,0.9334297180175781,0.9293975830078125
4096,1,64,1,0.9547386169433594,0.9811973571777344,0.5708808898925781
4096,1,128,0,0.5076847076416016,0.5057868957519531,0.5971527099609375
4096,1,128,1,0.5687522888183594,0.6185111999511719,0.6043434143066406
4096,2,32,0,1.2279586791992188,1.21685791015625,0.6130294799804688
4096,2,32,1,1.2894821166992188,1.4479141235351562,1.007598876953125
4096,2,64,0,0.9299736022949219,0.9413261413574219,0.7313957214355469
4096,2,64,1,0.7037162780761719,0.9240455627441406,0.7435073852539062
4096,2,128,0,0.5540828704833984,0.6327533721923828,0.6282176971435547
4096,2,128,1,0.6437053680419922,0.6695823669433594,0.6896800994873047
4096,4,32,0,1.2395095825195312,0.836883544921875,0.6023178100585938
4096,4,32,1,1.4011993408203125,1.0905990600585938,0.6738815307617188
4096,4,64,0,0.9769783020019531,0.7313995361328125,0.7476310729980469
4096,4,64,1,0.9378204345703125,0.8760986328125,0.7657699584960938
4096,4,128,0,0.6193981170654297,0.6285228729248047,0.5714759826660156
4096,4,128,1,0.5642318725585938,0.5804290771484375,0.5772075653076172
4096,8,32,0,1.1850967407226562,1.1148529052734375,0.6446456909179688
4096,8,32,1,1.4257431030273438,1.0454483032226562,0.9096145629882812
4096,8,64,0,0.8374748229980469,0.93609619140625,0.7373161315917969
4096,8,64,1,0.8057937622070312,0.8422966003417969,0.5459175109863281
4096,8,128,0,0.6216201782226562,0.6843051910400391,0.6643543243408203
4096,8,128,1,0.6089992523193359,0.6668453216552734,0.6568927764892578
8192,1,16,0,1.2979965209960938,1.2515411376953125,0.7809066772460938
8192,1,16,1,1.08831787109375,0.8522262573242188,0.80377197265625
8192,1,32,0,0.5487518310546875,0.6704216003417969,0.5872001647949219
8192,1,32,1,0.48067474365234375,0.5609321594238281,0.3375701904296875
8192,1,64,0,0.3708152770996094,0.4784221649169922,0.36678504943847656
8192,1,64,1,0.37994384765625,0.4810829162597656,0.3693656921386719
8192,2,16,0,1.2697219848632812,1.2340011596679688,0.7679595947265625
8192,2,16,1,1.2804412841796875,1.349945068359375,0.4347686767578125
8192,2,32,0,0.32506561279296875,0.31531524658203125,0.31005096435546875
8192,2,32,1,0.41088104248046875,0.4620323181152344,0.30919647216796875
8192,2,64,0,0.26552391052246094,0.40254783630371094,0.37537574768066406
8192,2,64,1,0.31072425842285156,0.2756195068359375,0.2740192413330078
8192,4,16,0,1.2821197509765625,0.8991241455078125,0.788970947265625
8192,4,16,1,1.2653579711914062,0.8009033203125,0.8364944458007812
8192,4,32,0,0.5538558959960938,0.5395126342773438,0.41686248779296875
8192,4,32,1,0.7259254455566406,0.5316200256347656,0.30455780029296875
8192,4,64,0,0.41135215759277344,0.37674903869628906,0.3738975524902344
8192,4,64,1,0.5125217437744141,0.5061740875244141,0.3803272247314453
8192,8,16,0,0.9725341796875,0.7522354125976562,0.40825653076171875
8192,8,16,1,0.617919921875,0.82952880859375,0.7693557739257812
8192,8,32,0,0.3027610778808594,0.30881500244140625,0.3036766052246094
8192,8,32,1,0.7279815673828125,0.7663421630859375,0.3112525939941406
8192,8,64,0,0.4971199035644531,0.3793354034423828,0.4183483123779297
8192,8,64,1,0.5172920227050781,0.5126838684082031,0.298675537109375
16384,1,8,0,1.144073486328125,0.8097076416015625,0.28412628173828125
16384,1,8,1,1.1634979248046875,1.2685623168945312,0.670989990234375
16384,1,16,0,0.6501846313476562,0.3948249816894531,0.18784713745117188
16384,1,16,1,0.6334991455078125,0.195556640625,0.19452285766601562
16384,1,32,0,0.35431671142578125,0.3930473327636719,0.23827171325683594
16384,1,32,1,0.36679840087890625,0.3109302520751953,0.2342205047607422
16384,2,8,0,0.8915634155273438,0.9036941528320312,0.275299072265625
16384,2,8,1,1.0441665649414062,0.30835723876953125,0.296783447265625
16384,2,16,0,0.463775634765625,0.3705482482910156,0.19149017333984375
16384,2,16,1,0.4125328063964844,0.4591712951660156,0.38254547119140625
16384,2,32,0,0.2887916564941406,0.21828842163085938,0.1596813201904297
16384,2,32,1,0.3682289123535156,0.15921974182128906,0.1552906036376953
16384,4,8,0,0.2748260498046875,0.27979278564453125,0.24822998046875
16384,4,8,1,1.0596389770507812,1.2740936279296875,0.6814346313476562
16384,4,16,0,0.4673423767089844,0.5750541687011719,0.3289146423339844
16384,4,16,1,0.27227020263671875,0.20670318603515625,0.20058822631835938
16384,4,32,0,0.3568267822265625,0.37402915954589844,0.23316001892089844
16384,4,32,1,0.3145637512207031,0.3241844177246094,0.16007423400878906
16384,8,8,0,1.1604385375976562,1.1658477783203125,0.66351318359375
16384,8,8,1,0.6990966796875,0.7281646728515625,0.26194000244140625
16384,8,16,0,0.55316162109375,0.5374603271484375,0.20684051513671875
16384,8,16,1,0.5850448608398438,0.4251899719238281,0.3980598449707031
16384,8,32,0,0.27715492248535156,0.27408790588378906,0.15796661376953125
16384,8,32,1,0.37196922302246094,0.3822746276855469,0.2626476287841797
32768,1,4,0,0.256683349609375,0.23175048828125,0.22116851806640625
32768,1,4,1,0.46497344970703125,1.244873046875,0.23783111572265625
32768,1,8,0,0.4645042419433594,0.37131500244140625,0.14662551879882812
32768,1,8,1,0.5904312133789062,0.5433578491210938,0.34458160400390625
32768,1,16,0,0.3426704406738281,0.36804962158203125,0.2141094207763672
32768,1,16,1,0.09622383117675781,0.11780738830566406,0.11242103576660156
32768,2,4,0,0.2133331298828125,0.2644805908203125,0.2130126953125
32768,2,4,1,0.8691482543945312,0.8693084716796875,0.6428756713867188
32768,2,8,0,0.4549980163574219,0.3774909973144531,0.1451873779296875
32768,2,8,1,0.6740570068359375,0.6625785827636719,0.3481178283691406
32768,2,16,0,0.3340911865234375,0.22716522216796875,0.22011566162109375
32768,2,16,1,0.2652606964111328,0.14527130126953125,0.11781120300292969
32768,4,4,0,0.2111968994140625,0.2558135986328125,0.25160980224609375
32768,4,4,1,0.22951507568359375,0.49683380126953125,0.503814697265625
32768,4,8,0,0.14464187622070312,0.5571479797363281,0.2888641357421875
32768,4,8,1,0.45252227783203125,0.5043373107910156,0.15167236328125
32768,4,16,0,0.2952880859375,0.3667259216308594,0.12750244140625
32768,4,16,1,0.09654617309570312,0.14264488220214844,0.11409187316894531
32768,8,4,0,0.84765625,0.9291305541992188,0.7157669067382812
32768,8,4,1,0.862030029296875,0.7995834350585938,0.264312744140625
32768,8,8,0,0.16217803955078125,0.20623016357421875,0.1480865478515625
32768,8,8,1,0.6462669372558594,0.26737213134765625,0.487091064453125
32768,8,16,0,0.3152179718017578,0.1681385040283203,0.11922645568847656
32768,8,16,1,0.24332809448242188,0.328155517578125,0.1369342803955078
65536,1,32,0,0.08702850341796875,0.10375690460205078,0.05875825881958008
65536,1,32,1,0.09853267669677734,0.06646203994750977,0.07552671432495117
65536,1,64,0,0.05108642578125,0.0839083194732666,0.06963181495666504
65536,1,64,1,0.0652928352355957,0.07068133354187012,0.06878423690795898
65536,1,128,0,0.04115104675292969,0.09210085868835449,0.05882835388183594
65536,1,128,1,0.057759881019592285,0.09460580348968506,0.06084275245666504
65536,2,32,0,0.09116744995117188,0.09729671478271484,0.08606767654418945
65536,2,32,1,0.0729684829711914,0.07377910614013672,0.05721759796142578
65536,2,64,0,0.0427403450012207,0.06877565383911133,0.05227923393249512
65536,2,64,1,0.04261302947998047,0.10309338569641113,0.07459282875061035
65536,2,128,0,0.0684589147567749,0.0745840072631836,0.059610962867736816
65536,2,128,1,0.040978431701660156,0.07742953300476074,0.06183207035064697
65536,3,32,0,0.08538055419921875,0.11925029754638672,0.061453819274902344
65536,3,32,1,0.04857969284057617,0.10274171829223633,0.05771160125732422
65536,3,64,0,0.057434797286987305,0.14309954643249512,0.06885766983032227
65536,3,64,1,0.06941723823547363,0.13110685348510742,0.0725255012512207
65536,3,128,0,0.06930100917816162,0.08290398120880127,0.05208027362823486
65536,3,128,1,0.04125988483428955,0.09066140651702881,0.06259572505950928
65536,4,32,0,0.10065221786499023,0.1463308334350586,0.07955026626586914
65536,4,32,1,0.04736948013305664,0.09287309646606445,0.05736732482910156
65536,4,64,0,0.06269240379333496,0.11471843719482422,0.07021045684814453
65536,4,64,1,0.05862784385681152,0.10492324829101562,0.06169295310974121
65536,4,128,0,0.06995868682861328,0.14354074001312256,0.06660914421081543
65536,4,128,1,0.04467582702636719,0.13275456428527832,0.05993068218231201
65536,6,32,0,0.048787593841552734,0.11033868789672852,0.058666229248046875
65536,6,32,1,0.04828691482543945,0.1114654541015625,0.07778549194335938
65536,6,64,0,0.05463719367980957,0.13758373260498047,0.07143974304199219
65536,6,64,1,0.04274415969848633,0.14591622352600098,0.06483745574951172
65536,6,128,0,0.059929847717285156,0.12285220623016357,0.0918663740158081
65536,6,128,1,0.06942129135131836,0.135972261428833,0.08938074111938477
65536,8,32,0,0.0470738410949707,0.18906402587890625,0.06217622756958008
65536,8,32,1,0.048685550689697266,0.13633155822753906,0.06283807754516602
65536,8,64,0,0.058007240295410156,0.1593484878540039,0.07083773612976074
65536,8,64,1,0.06882691383361816,0.23886466026306152,0.08074259757995605
65536,8,128,0,0.06902134418487549,0.1364210844039917,0.06336653232574463
65536,8,128,1,0.06950247287750244,0.18380963802337646,0.07265651226043701
65536,16,32,0,0.08282947540283203,0.387728214263916,0.08888101577758789
65536,16,32,1,0.09039449691772461,0.31830739974975586,0.08307123184204102
65536,16,64,0,0.05200362205505371,0.34813952445983887,0.12788152694702148
65536,16,64,1,0.06425166130065918,0.2818169593811035,0.0770115852355957
65536,16,128,0,0.04618942737579346,0.2564738988876343,0.11119604110717773
65536,16,128,1,0.05153214931488037,0.26253485679626465,0.1110614538192749
65536,32,32,0,0.048628807067871094,0.5424895286560059,0.14928960800170898
65536,32,32,1,0.08381938934326172,0.5233426094055176,0.11226463317871094
65536,32,64,0,0.06924295425415039,0.5376148223876953,0.10808491706848145
65536,32,64,1,0.0627129077911377,0.5334303379058838,0.18256354331970215
65536,32,128,0,0.06903362274169922,0.4542025327682495,0.1039050817489624
65536,32,128,1,0.06818187236785889,0.5047872066497803,0.11112070083618164
65536,64,32,0,0.09404850006103516,1.1062140464782715,0.26326942443847656
65536,64,32,1,0.04727745056152344,1.0558905601501465,0.2637619972229004
65536,64,64,0,0.056699514389038086,0.8962192535400391,0.1534872055053711
65536,64,64,1,0.06466555595397949,0.982856035232544,0.19379615783691406
65536,64,128,0,0.040378570556640625,0.9148917198181152,0.15905284881591797
65536,64,128,1,0.06046950817108154,0.9186029434204102,0.16230177879333496
131072,1,32,0,0.05947995185852051,0.06883811950683594,0.04655718803405762
131072,1,32,1,0.05279946327209473,0.05565690994262695,0.047707557678222656
131072,1,64,0,0.03705263137817383,0.0548022985458374,0.03558027744293213
131072,1,64,1,0.03701019287109375,0.05499732494354248,0.03913426399230957
131072,1,128,0,0.04633069038391113,0.060293376445770264,0.04790449142456055
131072,1,128,1,0.05248594284057617,0.06453078985214233,0.044808149337768555
131072,2,32,0,0.051607608795166016,0.07732534408569336,0.04516315460205078
131072,2,32,1,0.04954385757446289,0.07709336280822754,0.056466102600097656
131072,2,64,0,0.042143821716308594,0.11393475532531738,0.06403994560241699
131072,2,64,1,0.03249919414520264,0.09639406204223633,0.05287730693817139
131072,2,128,0,0.04716610908508301,0.06731200218200684,0.061618149280548096
131072,2,128,1,0.032928287982940674,0.06719803810119629,0.05407297611236572
131072,3,32,0,0.0572359561920166,0.12566328048706055,0.05301833152770996
131072,3,32,1,0.04548144340515137,0.09909224510192871,0.04850959777832031
131072,3,64,0,0.03006458282470703,0.08477926254272461,0.03980278968811035
131072,3,64,1,0.036569952964782715,0.12122690677642822,0.06443667411804199
131072,3,128,0,0.04454445838928223,0.09153002500534058,0.05119049549102783
131072,3,128,1,0.050934433937072754,0.08375173807144165,0.05461519956588745
131072,4,32,0,0.05822324752807617,0.16060805320739746,0.0613100528717041
131072,4,32,1,0.04810380935668945,0.15146422386169434,0.055963754653930664
131072,4,64,0,0.029825925827026367,0.11393356323242188,0.06656825542449951
131072,4,64,1,0.03625929355621338,0.10139632225036621,0.06394791603088379
131072,4,128,0,0.051029324531555176,0.09609943628311157,0.050296247005462646
131072,4,128,1,0.04755014181137085,0.09472113847732544,0.06200826168060303
131072,6,32,0,0.05981111526489258,0.21460437774658203,0.0699453353881836
131072,6,32,1,0.0515751838684082,0.1392819881439209,0.0535883903503418
131072,6,64,0,0.02965688705444336,0.12004256248474121,0.042574524879455566
131072,6,64,1,0.04037916660308838,0.15809834003448486,0.07138383388519287
131072,6,128,0,0.05240273475646973,0.1102171540260315,0.05198788642883301
131072,6,128,1,0.050626397132873535,0.12718480825424194,0.059479355812072754
131072,8,32,0,0.05300545692443848,0.2009446620941162,0.05319070816040039
131072,8,32,1,0.04607415199279785,0.20176434516906738,0.0615839958190918
131072,8,64,0,0.03861439228057861,0.15384280681610107,0.06358861923217773
131072,8,64,1,0.04042232036590576,0.17898619174957275,0.07725071907043457
131072,8,128,0,0.04049789905548096,0.1341550350189209,0.05798780918121338
131072,8,128,1,0.04338806867599487,0.1512410044670105,0.05330747365951538
131072,16,32,0,0.05740499496459961,0.3236045837402344,0.08385419845581055
131072,16,32,1,0.04832625389099121,0.27211546897888184,0.06263375282287598
131072,16,64,0,0.037293434143066406,0.24799668788909912,0.05431234836578369
131072,16,64,1,0.04415476322174072,0.28778111934661865,0.10535979270935059
131072,16,128,0,0.06397783756256104,0.2461983561515808,0.06875401735305786
131072,16,128,1,0.03568899631500244,0.236133873462677,0.06769365072250366
131072,32,32,0,0.056121826171875,0.5546061992645264,0.15152454376220703
131072,32,32,1,0.06165456771850586,0.4592766761779785,0.11470174789428711
131072,32,64,0,0.034055352210998535,0.4608548879623413,0.11641466617584229
131072,32,64,1,0.04299318790435791,0.4966866970062256,0.1255943775177002
131072,32,128,0,0.0532299280166626,0.4629696011543274,0.09263694286346436
131072,32,128,1,0.04280698299407959,0.45366978645324707,0.10563749074935913
131072,64,32,0,0.03303098678588867,0.9125893115997314,0.14107465744018555
131072,64,32,1,0.051305294036865234,0.9491970539093018,0.22771739959716797
131072,64,64,0,0.04201769828796387,0.9212924242019653,0.1889272928237915
131072,64,64,1,0.03812277317047119,0.9057142734527588,0.16286742687225342
131072,64,128,0,0.04929441213607788,0.8905959129333496,0.15970885753631592
131072,64,128,1,0.052558064460754395,0.890555202960968,0.14640754461288452
262144,1,32,0,0.038559556007385254,0.0528026819229126,0.033287763595581055
262144,1,32,1,0.03401219844818115,0.07437372207641602,0.03364157676696777
262144,1,64,0,0.04443979263305664,0.06544923782348633,0.0335579514503479
262144,1,64,1,0.030956029891967773,0.06484735012054443,0.05193811655044556
262144,1,128,0,0.03452995419502258,0.044022947549819946,0.03567546606063843
262144,1,128,1,0.036499619483947754,0.04360249638557434,0.03293749690055847
262144,2,32,0,0.03411364555358887,0.08042895793914795,0.03683876991271973
262144,2,32,1,0.031236648559570312,0.05788278579711914,0.038598060607910156
262144,2,64,0,0.0450093150138855,0.059187471866607666,0.038127899169921875
262144,2,64,1,0.03836339712142944,0.06088298559188843,0.04135286808013916
262144,2,128,0,0.03671729564666748,0.06371337175369263,0.041100502014160156
262144,2,128,1,0.029264718294143677,0.06345659494400024,0.04151928424835205
262144,3,32,0,0.024701476097106934,0.07032954692840576,0.037053823471069336
262144,3,32,1,0.03922617435455322,0.07825124263763428,0.03239321708679199
262144,3,64,0,0.03223526477813721,0.0713234543800354,0.03058779239654541
262144,3,64,1,0.041637420654296875,0.07625609636306763,0.03349238634109497
262144,3,128,0,0.02596217393875122,0.06641525030136108,0.036468058824539185
262144,3,128,1,0.030729591846466064,0.0684610903263092,0.03388446569442749
262144,4,32,0,0.024518609046936035,0.09822702407836914,0.02816629409790039
262144,4,32,1,0.038205623626708984,0.12629950046539307,0.03326237201690674
262144,4,64,0,0.02670586109161377,0.0830342173576355,0.03392869234085083
262144,4,64,1,0.040740907192230225,0.0880536437034607,0.03620612621307373
262144,4,128,0,0.03341546654701233,0.0890609622001648,0.04241427779197693
262144,4,128,1,0.03608351945877075,0.08266410231590271,0.0414920449256897
262144,6,32,0,0.03903627395629883,0.11119556427001953,0.031735777854919434
262144,6,32,1,0.03835248947143555,0.1476607322692871,0.03232932090759277
262144,6,64,0,0.042511582374572754,0.12498211860656738,0.058010637760162354
262144,6,64,1,0.04106736183166504,0.12300407886505127,0.043879926204681396
262144,6,128,0,0.03742071986198425,0.1023271381855011,0.03648483753204346
262144,6,128,1,0.037406712770462036,0.10613104701042175,0.03591722249984741
262144,8,32,0,0.037964820861816406,0.178275465965271,0.042087435722351074
262144,8,32,1,0.03701043128967285,0.14268624782562256,0.03845846652984619
262144,8,64,0,0.03513467311859131,0.13823407888412476,0.052514493465423584
262144,8,64,1,0.0457463264465332,0.15070569515228271,0.04865032434463501
262144,8,128,0,0.029115617275238037,0.133998304605484,0.04276615381240845
262144,8,128,1,0.03225800395011902,0.12893205881118774,0.048117250204086304
262144,16,32,0,0.025138378143310547,0.2442406415939331,0.07223427295684814
262144,16,32,1,0.03494250774383545,0.24630939960479736,0.051586270332336426
262144,16,64,0,0.04238337278366089,0.25220274925231934,0.0645986795425415
262144,16,64,1,0.04466438293457031,0.241125226020813,0.06265705823898315
262144,16,128,0,0.025516808032989502,0.23464486002922058,0.05014461278915405
262144,16,128,1,0.030559062957763672,0.23864498734474182,0.051422297954559326
262144,32,32,0,0.035456061363220215,0.49753808975219727,0.11131167411804199
262144,32,32,1,0.025139689445495605,0.491780161857605,0.10740160942077637
262144,32,64,0,0.045327603816986084,0.4632844924926758,0.10137271881103516
262144,32,64,1,0.0401918888092041,0.4540354609489441,0.10138863325119019
262144,32,128,0,0.03442883491516113,0.4478555917739868,0.083121657371521
262144,32,128,1,0.02611774206161499,0.44466960430145264,0.08255994319915771
262144,64,32,0,0.0373537540435791,0.915631890296936,0.17753255367279053
262144,64,32,1,0.0321803092956543,0.8983970880508423,0.14953625202178955
262144,64,64,0,0.03669559955596924,0.8699176907539368,0.1422494649887085
262144,64,64,1,0.035481035709381104,0.8850891590118408,0.14742279052734375
262144,64,128,0,0.02681991457939148,0.8683188259601593,0.13846224546432495
262144,64,128,1,0.030187785625457764,0.8672075271606445,0.14033541083335876
524288,1,32,0,0.02345097064971924,0.04557448625564575,0.03200811147689819
524288,1,32,1,0.03831970691680908,0.05325716733932495,0.030329883098602295
524288,1,64,0,0.025418579578399658,0.038396090269088745,0.033209145069122314
524288,1,64,1,0.03062620759010315,0.046945035457611084,0.02629917860031128
524288,1,128,0,0.02324804663658142,0.038624897599220276,0.02881653606891632
524288,1,128,1,0.026790335774421692,0.036987677216529846,0.025053709745407104
524288,2,32,0,0.041701316833496094,0.06830012798309326,0.04623556137084961
524288,2,32,1,0.02532052993774414,0.05518198013305664,0.026484906673431396
524288,2,64,0,0.02617231011390686,0.05364111065864563,0.029618024826049805
524288,2,64,1,0.03445807099342346,0.0593525767326355,0.033394455909729004
524288,2,128,0,0.023291081190109253,0.05031946301460266,0.029551133513450623
524288,2,128,1,0.024062976241111755,0.053071245551109314,0.028002306818962097
524288,3,32,0,0.041980087757110596,0.07538765668869019,0.03413671255111694
524288,3,32,1,0.03687411546707153,0.0819750428199768,0.03877615928649902
524288,3,64,0,0.027347534894943237,0.06911957263946533,0.03424495458602905
524288,3,64,1,0.035043030977249146,0.07418689131736755,0.028545230627059937
524288,3,128,0,0.029219359159469604,0.06481507420539856,0.029583200812339783
524288,3,128,1,0.02639409899711609,0.06064331531524658,0.02642783522605896
524288,4,32,0,0.036125361919403076,0.09606748819351196,0.038104474544525146
524288,4,32,1,0.041029393672943115,0.09768342971801758,0.04220104217529297
524288,4,64,0,0.027393758296966553,0.07698068022727966,0.035108983516693115
524288,4,64,1,0.030852854251861572,0.08236309885978699,0.027157217264175415
524288,4,128,0,0.02379445731639862,0.07572430372238159,0.025282278656959534
524288,4,128,1,0.024115964770317078,0.07565690577030182,0.026474490761756897
524288,6,32,0,0.03945249319076538,0.12301069498062134,0.04092824459075928
524288,6,32,1,0.040784358978271484,0.10891246795654297,0.03525060415267944
524288,6,64,0,0.032825976610183716,0.10895732045173645,0.036320000886917114
524288,6,64,1,0.022993654012680054,0.1005885899066925,0.02620646357536316
524288,6,128,0,0.026322558522224426,0.10008272528648376,0.031264886260032654
524288,6,128,1,0.027600541710853577,0.10293272137641907,0.030180349946022034
524288,8,32,0,0.04219311475753784,0.13541871309280396,0.03644758462905884
524288,8,32,1,0.039187729358673096,0.13922077417373657,0.04867720603942871
524288,8,64,0,0.025979548692703247,0.13093304634094238,0.035886138677597046
524288,8,64,1,0.03385087847709656,0.1288934350013733,0.04403868317604065
524288,8,128,0,0.027489930391311646,0.12462694942951202,0.03653627634048462
524288,8,128,1,0.0233880877494812,0.12601734697818756,0.03541246056556702
524288,16,32,0,0.041607558727264404,0.25151121616363525,0.05611395835876465
524288,16,32,1,0.029361426830291748,0.2337474822998047,0.061549603939056396
524288,16,64,0,0.03508490324020386,0.2389092743396759,0.04884710907936096
524288,16,64,1,0.02821171283721924,0.2378113865852356,0.05626767873764038
524288,16,128,0,0.02508881688117981,0.22869783639907837,0.04727338254451752
524288,16,128,1,0.027818769216537476,0.2297530174255371,0.049313902854919434
524288,32,32,0,0.03135550022125244,0.44478195905685425,0.07978296279907227
524288,32,32,1,0.031204521656036377,0.442973792552948,0.07747703790664673
524288,32,64,0,0.020868539810180664,0.4369582533836365,0.07095333933830261
524288,32,64,1,0.024504363536834717,0.43767255544662476,0.07350191473960876
524288,32,128,0,0.02484455704689026,0.4409181624650955,0.07541561126708984
524288,32,128,1,0.02389228343963623,0.43836547434329987,0.07275907695293427
524288,64,32,0,0.03799325227737427,0.8879027962684631,0.14554601907730103
524288,64,32,1,0.0386812686920166,0.8650509119033813,0.15515726804733276
524288,64,64,0,0.03131246566772461,0.8610368967056274,0.13755831122398376
524288,64,64,1,0.0343986451625824,0.8621882796287537,0.13923600316047668
524288,64,128,0,0.023127004504203796,0.8580852895975113,0.13089996576309204
524288,64,128,1,0.02474391460418701,0.862509474158287,0.1321602314710617
1048576,1,32,0,0.03294360637664795,0.044508546590805054,0.0331360399723053
1048576,1,32,1,0.028850793838500977,0.046398818492889404,0.027460068464279175
1048576,1,64,0,0.025222808122634888,0.0345941036939621,0.02089175581932068
1048576,1,64,1,0.025674372911453247,0.0393197238445282,0.023188233375549316
1048576,1,128,0,0.020244471728801727,0.034401871263980865,0.023182086646556854
1048576,1,128,1,0.020051173865795135,0.033666953444480896,0.022126413881778717
1048576,2,32,0,0.026835858821868896,0.05632048845291138,0.02756229043006897
1048576,2,32,1,0.027619868516921997,0.05005145072937012,0.030149400234222412
1048576,2,64,0,0.026565834879875183,0.04622142016887665,0.02216912806034088
1048576,2,64,1,0.02609635889530182,0.047961145639419556,0.024173855781555176
1048576,2,128,0,0.022456742823123932,0.04776139557361603,0.02371971309185028
1048576,2,128,1,0.022380396723747253,0.047669485211372375,0.021816395223140717
1048576,3,32,0,0.03216871619224548,0.06294402480125427,0.029322415590286255
1048576,3,32,1,0.03242015838623047,0.07107886672019958,0.02967134118080139
1048576,3,64,0,0.02239866554737091,0.06294913589954376,0.027571097016334534
1048576,3,64,1,0.026001647114753723,0.06412133574485779,0.027602240443229675
1048576,3,128,0,0.022582150995731354,0.0599244087934494,0.023527145385742188
1048576,3,128,1,0.019740425050258636,0.059483133256435394,0.023316971957683563
1048576,4,32,0,0.024546325206756592,0.07490357756614685,0.03476366400718689
1048576,4,32,1,0.0324898362159729,0.08218967914581299,0.0323699414730072
1048576,4,64,0,0.01994594931602478,0.07580256462097168,0.028142854571342468
1048576,4,64,1,0.02252604067325592,0.07563407719135284,0.024375393986701965
1048576,4,128,0,0.02238275110721588,0.07129710912704468,0.022079691290855408
1048576,4,128,1,0.020576998591423035,0.0712772086262703,0.02245171368122101
1048576,6,32,0,0.023673266172409058,0.10603553056716919,0.03280612826347351
1048576,6,32,1,0.031800150871276855,0.10889226198196411,0.028410255908966064
1048576,6,64,0,0.024280771613121033,0.09730824828147888,0.023027479648590088
1048576,6,64,1,0.022779613733291626,0.09700760245323181,0.027717232704162598
1048576,6,128,0,0.022191546857357025,0.0976751372218132,0.02670089155435562
1048576,6,128,1,0.02171821892261505,0.09706992655992508,0.026613719761371613
1048576,8,32,0,0.030417323112487793,0.12901577353477478,0.032641470432281494
1048576,8,32,1,0.030961930751800537,0.13446137309074402,0.031051188707351685
1048576,8,64,0,0.022443145513534546,0.12536130845546722,0.031588390469551086
1048576,8,64,1,0.02578665316104889,0.12342101335525513,0.03028199076652527
1048576,8,128,0,0.020872853696346283,0.12206225097179413,0.027888745069503784
1048576,8,128,1,0.020522594451904297,0.12101488560438156,0.029690176248550415
1048576,16,32,0,0.033226996660232544,0.23109081387519836,0.04475909471511841
1048576,16,32,1,0.01940777897834778,0.2269006371498108,0.04186621308326721
1048576,16,64,0,0.026189953088760376,0.22984713315963745,0.04776042699813843
1048576,16,64,1,0.022276848554611206,0.2295914739370346,0.04240761697292328
1048576,16,128,0,0.020004749298095703,0.22476619482040405,0.04297474026679993
1048576,16,128,1,0.02036995440721512,0.2257295772433281,0.04382301867008209
1048576,32,32,0,0.02499362826347351,0.44572535157203674,0.0824289321899414
1048576,32,32,1,0.03296062350273132,0.44995051622390747,0.0817548930644989
1048576,32,64,0,0.025935068726539612,0.43977586925029755,0.07353207468986511
1048576,32,64,1,0.020845264196395874,0.4400559514760971,0.07299670577049255
1048576,32,128,0,0.022370800375938416,0.4364113509654999,0.07128093391656876
1048576,32,128,1,0.02215263992547989,0.43709615617990494,0.07182667404413223
1048576,64,32,0,0.027694404125213623,0.8698691427707672,0.13435032963752747
1048576,64,32,1,0.03265583515167236,0.8633657097816467,0.13385307788848877
1048576,64,64,0,0.026044681668281555,0.8603189438581467,0.1313016265630722
1048576,64,64,1,0.02340434491634369,0.8608425408601761,0.12975531816482544
1048576,64,128,0,0.02222537249326706,0.8591602370142937,0.1279589980840683
1048576,64,128,1,0.02238433063030243,0.859458439052105,0.12870754301548004
2097152,1,32,0,0.024973303079605103,0.037170618772506714,0.02365240454673767
2097152,1,32,1,0.024023354053497314,0.033310890197753906,0.02028241753578186
2097152,1,64,0,0.019999191164970398,0.0336383581161499,0.021526403725147247
2097152,1,64,1,0.021857507526874542,0.034155748784542084,0.0221422016620636
2097152,1,128,0,0.019978810101747513,0.03213478624820709,0.019583668559789658
2097152,1,128,1,0.019956666976213455,0.03265850618481636,0.020394843071699142
2097152,2,32,0,0.025225311517715454,0.04873611032962799,0.02615797519683838
2097152,2,32,1,0.025013118982315063,0.050359293818473816,0.025306344032287598
2097152,2,64,0,0.019859477877616882,0.043908797204494476,0.0215827077627182
2097152,2,64,1,0.021807387471199036,0.046319328248500824,0.02029179036617279
2097152,2,128,0,0.01955787092447281,0.04427224025130272,0.020612116903066635
2097152,2,128,1,0.019909020513296127,0.0442572720348835,0.02045474946498871
2097152,3,32,0,0.02155686914920807,0.0622958242893219,0.022051945328712463
2097152,3,32,1,0.025493264198303223,0.06326907873153687,0.026340842247009277
2097152,3,64,0,0.021849244832992554,0.05924408137798309,0.02241889387369156
2097152,3,64,1,0.021748408675193787,0.05773670971393585,0.022495858371257782
2097152,3,128,0,0.018717139959335327,0.05671100318431854,0.020502455532550812
2097152,3,128,1,0.019802037626504898,0.0572521835565567,0.02065802365541458
2097152,4,32,0,0.02167581021785736,0.07158885896205902,0.02249722182750702
2097152,4,32,1,0.020674943923950195,0.07200610637664795,0.022046267986297607
2097152,4,64,0,0.02174536883831024,0.07211767137050629,0.02245781570672989
2097152,4,64,1,0.021812714636325836,0.07077094912528992,0.02023383229970932
2097152,4,128,0,0.018988531082868576,0.06994771957397461,0.020862840116024017
2097152,4,128,1,0.019157402217388153,0.06998254358768463,0.020473729819059372
2097152,6,32,0,0.024269506335258484,0.10018062591552734,0.028531372547149658
2097152,6,32,1,0.025430291891098022,0.09854695200920105,0.027606546878814697
2097152,6,64,0,0.021745465695858,0.09720540046691895,0.024129241704940796
2097152,6,64,1,0.0201658234000206,0.09650491923093796,0.02431517094373703
2097152,6,128,0,0.019890278577804565,0.09473511949181557,0.02349945530295372
2097152,6,128,1,0.019734147936105728,0.09542545303702354,0.02243460714817047
2097152,8,32,0,0.025338664650917053,0.12317605316638947,0.032362207770347595
2097152,8,32,1,0.02406086027622223,0.1264827400445938,0.029109984636306763
2097152,8,64,0,0.021854214370250702,0.12294717878103256,0.028408296406269073
2097152,8,64,1,0.020957157015800476,0.1218123510479927,0.027569212019443512
2097152,8,128,0,0.019669990986585617,0.12016486376523972,0.02642284706234932
2097152,8,128,1,0.01963280513882637,0.12022655084729195,0.025698211044073105
2097152,16,32,0,0.023609548807144165,0.22851529717445374,0.0449773371219635
2097152,16,32,1,0.02427537739276886,0.22860367596149445,0.043945297598838806
2097152,16,64,0,0.021736621856689453,0.22606219351291656,0.04237867146730423
2097152,16,64,1,0.021472759544849396,0.22452731430530548,0.042050085961818695
2097152,16,128,0,0.019869498908519745,0.22388790175318718,0.040316663682460785
2097152,16,128,1,0.019404519349336624,0.2238750383257866,0.03990403190255165
2097152,32,32,0,0.025433078408241272,0.4406261295080185,0.07436062395572662
2097152,32,32,1,0.025128155946731567,0.4393046200275421,0.07558001577854156
2097152,32,64,0,0.020285606384277344,0.4362458884716034,0.06849396973848343
2097152,32,64,1,0.019437022507190704,0.43673238903284073,0.07079257816076279
2097152,32,128,0,0.019715435802936554,0.4346282370388508,0.0683240219950676
2097152,32,128,1,0.01881088688969612,0.4349871724843979,0.06970557942986488
2097152,64,32,0,0.025299012660980225,0.8603221476078033,0.13093681633472443
2097152,64,32,1,0.02550867199897766,0.8619607239961624,0.1308346390724182
2097152,64,64,0,0.019137702882289886,0.8583031222224236,0.12783734500408173
2097152,64,64,1,0.021708831191062927,0.8579306975007057,0.12673401832580566
2097152,64,128,0,0.019784681499004364,0.8560827895998955,0.12589667364954948
2097152,64,128,1,0.019087374210357666,0.8568260334432125,0.125238299369812
4194304,1,32,0,0.021422401070594788,0.030749961733818054,0.01938818395137787
4194304,1,32,1,0.01872532069683075,0.030629567801952362,0.019165776669979095
4194304,1,64,0,0.019102804362773895,0.030910421162843704,0.018596872687339783
4194304,1,64,1,0.01925530657172203,0.031677067279815674,0.019834395498037338
4194304,1,128,0,0.018296541646122932,0.030385760590434074,0.01882731169462204
4194304,1,128,1,0.018349215388298035,0.03024248033761978,0.01886746659874916
4194304,2,32,0,0.02025274932384491,0.04583583027124405,0.021825119853019714
4194304,2,32,1,0.020346395671367645,0.04530661553144455,0.020362600684165955
4194304,2,64,0,0.019416745752096176,0.044123221188783646,0.020016759634017944
4194304,2,64,1,0.01875963807106018,0.043975237756967545,0.01989029347896576
4194304,2,128,0,0.018515901640057564,0.04328269138932228,0.018916288390755653
4194304,2,128,1,0.018151678144931793,0.043311940506100655,0.019186343997716904
4194304,3,32,0,0.021591700613498688,0.05843166261911392,0.01960740238428116
4194304,3,32,1,0.019361302256584167,0.05681104212999344,0.022060945630073547
4194304,3,64,0,0.01889203116297722,0.05708460882306099,0.01928585022687912
4194304,3,64,1,0.018796294927597046,0.05621068924665451,0.020093008875846863
4194304,3,128,0,0.01841844618320465,0.05583823099732399,0.01926644891500473
4194304,3,128,1,0.018549658358097076,0.055885301902890205,0.019062582403421402
4194304,4,32,0,0.021327972412109375,0.07174267619848251,0.021570034325122833
4194304,4,32,1,0.018299832940101624,0.06892021000385284,0.021235831081867218
4194304,4,64,0,0.019416481256484985,0.06954969093203545,0.01967613399028778
4194304,4,64,1,0.019267231225967407,0.06950828805565834,0.019756697118282318
4194304,4,128,0,0.01866310089826584,0.0685836710035801,0.019103746861219406
4194304,4,128,1,0.01816137321293354,0.0681743323802948,0.018975360319018364
4194304,6,32,0,0.019046247005462646,0.09559173882007599,0.022859014570713043
4194304,6,32,1,0.02037014067173004,0.09678734093904495,0.02403164654970169
4194304,6,64,0,0.019454259425401688,0.09495549276471138,0.023219715803861618
4194304,6,64,1,0.01841944456100464,0.09482385590672493,0.02246319130063057
4194304,6,128,0,0.018361231312155724,0.09355105459690094,0.021816667169332504
4194304,6,128,1,0.01809844560921192,0.09366568736732006,0.021760180592536926
4194304,8,32,0,0.019814759492874146,0.12224473804235458,0.028381966054439545
4194304,8,32,1,0.019139893352985382,0.12020193040370941,0.02582807093858719
4194304,8,64,0,0.019086260348558426,0.12002775073051453,0.02584310993552208
4194304,8,64,1,0.019320592284202576,0.12032012268900871,0.025525670498609543
4194304,8,128,0,0.018069149926304817,0.11989644356071949,0.025593427941203117
4194304,8,128,1,0.018072053790092468,0.1195334829390049,0.02506513148546219
4194304,16,32,0,0.021654337644577026,0.22466527670621872,0.04294608533382416
4194304,16,32,1,0.021583780646324158,0.2237841635942459,0.04161651432514191
4194304,16,64,0,0.019460976123809814,0.22397131100296974,0.039735421538352966
4194304,16,64,1,0.01852715015411377,0.22385501861572266,0.03967053070664406
4194304,16,128,0,0.018638530746102333,0.22267134860157967,0.03913777321577072
4194304,16,128,1,0.018516456708312035,0.22268096357584,0.03940478898584843
4194304,32,32,0,0.018700845539569855,0.43538500368595123,0.07042515277862549
4194304,32,32,1,0.020159900188446045,0.43613844364881516,0.06942995637655258
4194304,32,64,0,0.019489213824272156,0.4347991421818733,0.06908455118536949
4194304,32,64,1,0.018500640988349915,0.4337264113128185,0.06810198724269867
4194304,32,128,0,0.018165364861488342,0.4339317958801985,0.06700756959617138
4194304,32,128,1,0.018441786989569664,0.4336760900914669,0.06749501265585423
4194304,64,32,0,0.02160920947790146,0.8575142696499825,0.12571002542972565
4194304,64,32,1,0.021619752049446106,0.8581169173121452,0.12788179516792297
4194304,64,64,0,0.019610147923231125,0.85668009147048,0.1256641335785389
4194304,64,64,1,0.018439993262290955,0.8564611002802849,0.1253884695470333
4194304,64,128,0,0.018610745668411255,0.8553499914705753,0.12457632459700108
4194304,64,128,1,0.018427377566695213,0.8554816599935293,0.12425677664577961
8388608,1,32,0,0.019417844712734222,0.03015216812491417,0.019705157727003098
8388608,1,32,1,0.019037704914808273,0.030818887054920197,0.01932673528790474
8388608,1,64,0,0.018466435372829437,0.030421582981944084,0.01855839416384697
8388608,1,64,1,0.01833293028175831,0.03035970777273178,0.018658792600035667
8388608,1,128,0,0.01792270503938198,0.029826637357473373,0.018214739859104156
8388608,1,128,1,0.01795643661171198,0.029806820675730705,0.018180894665420055
8388608,2,32,0,0.0184444822371006,0.044026780873537064,0.019710417836904526
8388608,2,32,1,0.018632031977176666,0.04383581131696701,0.01960248500108719
8388608,2,64,0,0.017999233677983284,0.043023278936743736,0.018727699294686317
8388608,2,64,1,0.017881035804748535,0.042922189459204674,0.01857210136950016
8388608,2,128,0,0.017908812500536442,0.04267844092100859,0.01829814724624157
8388608,2,128,1,0.017707609571516514,0.042514365166425705,0.018272078596055508
8388608,3,32,0,0.01824304461479187,0.056654587388038635,0.018825702369213104
8388608,3,32,1,0.019387487322092056,0.05666293203830719,0.01912858709692955
8388608,3,64,0,0.017885448411107063,0.05571114458143711,0.018812021240592003
8388608,3,64,1,0.018424883484840393,0.055727098137140274,0.018545037135481834
8388608,3,128,0,0.01790244784206152,0.05528620071709156,0.018370230682194233
8388608,3,128,1,0.01793426927179098,0.05531777814030647,0.018326211720705032
8388608,4,32,0,0.018570970743894577,0.06945517286658287,0.019437767565250397
8388608,4,32,1,0.01898643746972084,0.06863344833254814,0.019805774092674255
8388608,4,64,0,0.01809714548289776,0.06805253587663174,0.01871171034872532
8388608,4,64,1,0.018221870064735413,0.06830654107034206,0.01874331384897232
8388608,4,128,0,0.01784178800880909,0.06783871538937092,0.018139499239623547
8388608,4,128,1,0.017736402340233326,0.06793030351400375,0.018162855878472328
8388608,6,32,0,0.01851203292608261,0.09488525241613388,0.02263295277953148
8388608,6,32,1,0.018558580428361893,0.09456948563456535,0.022674892097711563
8388608,6,64,0,0.018447980284690857,0.09359613619744778,0.021798083558678627
8388608,6,64,1,0.018110837787389755,0.09366398490965366,0.021594375371932983
8388608,6,128,0,0.017840620130300522,0.09356009867042303,0.021099857985973358
8388608,6,128,1,0.017717158421874046,0.09347055293619633,0.021189676597714424
8388608,8,32,0,0.018231667578220367,0.11914915218949318,0.025446519255638123
8388608,8,32,1,0.019418809562921524,0.12019677832722664,0.0252450630068779
8388608,8,64,0,0.018311845138669014,0.11906439252197742,0.025140754878520966
8388608,8,64,1,0.018481865525245667,0.11891492269933224,0.025142516940832138
8388608,8,128,0,0.017727848142385483,0.11872459016740322,0.024474414065480232
8388608,8,128,1,0.017734712921082973,0.11884940136224031,0.02465560007840395
8388608,16,32,0,0.018629007041454315,0.22340383380651474,0.03917935863137245
8388608,16,32,1,0.01958518847823143,0.22343028336763382,0.038845792412757874
8388608,16,64,0,0.01817961595952511,0.22267401590943336,0.03893952630460262
8388608,16,64,1,0.018399156630039215,0.2223205268383026,0.03895716369152069
8388608,16,128,0,0.01768455281853676,0.22210346814244986,0.0384523356333375
8388608,16,128,1,0.01751250308007002,0.22221172042191029,0.03835407644510269
8388608,32,32,0,0.01810837909579277,0.4335985742509365,0.06849385425448418
8388608,32,32,1,0.018583092838525772,0.4336676523089409,0.06772176176309586
8388608,32,64,0,0.01806573010981083,0.4336038548499346,0.06757594645023346
8388608,32,64,1,0.0176883265376091,0.4328249227255583,0.0672637801617384
8388608,32,128,0,0.017914611846208572,0.4330911571159959,0.06678930297493935
8388608,32,128,1,0.01791383884847164,0.4332924894988537,0.06706599798053503
8388608,64,32,0,0.01933721825480461,0.8560732714831829,0.12551690638065338
8388608,64,32,1,0.01879347860813141,0.8565029501914978,0.12558498233556747
8388608,64,64,0,0.01828801818192005,0.8551506251096725,0.12417911365628242
8388608,64,64,1,0.018173106014728546,0.8547708950936794,0.12360342778265476
8388608,64,128,0,0.01765413209795952,0.854645331390202,0.12380993738770485
8388608,64,128,1,0.017631246708333492,0.8547973800450563,0.12373303342610598
