Size,Repeat,Workers,Buffer Ring,Do Wait,Complete CB,Unmap,Time (ns)
1024,256,28,4,0,0,0,405.03504180908203
1024,256,28,4,0,0,0,529.3110656738281
1024,256,28,4,0,0,0,529.5530586242676
1024,256,28,4,0,0,0,529.8528442382812
1024,256,28,4,0,0,0,530.626277923584
1024,256,28,4,0,0,0,530.8914756774902
1024,256,28,4,0,0,0,532.325813293457
1024,256,28,4,0,0,0,538.5739212036133
1024,256,28,4,0,0,0,540.8957443237305
1024,256,28,4,0,0,0,556.3290824890137
1024,256,28,4,0,0,0,572.8478660583496
1024,256,28,4,0,0,0,598.8793792724609
1024,256,28,4,0,0,0,604.9733543395996
1024,256,28,4,0,0,0,612.5394515991211
1024,256,28,4,0,0,0,613.839469909668
1024,256,28,4,0,0,0,622.7957038879395
1024,256,28,4,0,0,0,627.4676246643066
1024,256,28,4,0,0,0,651.7220649719238
1024,256,28,4,0,0,0,658.9377098083496
1024,256,28,4,0,0,0,687.1546783447266
1024,256,28,4,0,1,0,486.1709289550781
1024,256,28,4,0,1,0,523.1875991821289
1024,256,28,4,0,1,0,523.4876899719238
1024,256,28,4,0,1,0,525.8654251098633
1024,256,28,4,0,1,0,528.4108772277832
1024,256,28,4,0,1,0,529.7866096496582
1024,256,28,4,0,1,0,530.6970634460449
1024,256,28,4,0,1,0,531.3030128479004
1024,256,28,4,0,1,0,533.4129447937012
1024,256,28,4,0,1,0,533.444953918457
1024,256,28,4,0,1,0,534.445442199707
1024,256,28,4,0,1,0,572.3000144958496
1024,256,28,4,0,1,0,603.1553573608398
1024,256,28,4,0,1,0,609.6290130615234
1024,256,28,4,0,1,0,617.8383445739746
1024,256,28,4,0,1,0,620.2773399353027
1024,256,28,4,0,1,0,628.4527740478516
1024,256,28,4,0,1,0,633.6933403015137
1024,256,28,4,0,1,0,640.2519760131836
1024,256,28,4,0,1,0,650.2607002258301
1024,256,28,4,1,0,0,457.04137802124023
1024,256,28,4,1,0,0,458.7005958557129
1024,256,28,4,1,0,0,461.52019119262695
1024,256,28,4,1,0,0,469.51866149902344
1024,256,28,4,1,0,0,474.9762268066406
1024,256,28,4,1,0,0,475.8768730163574
1024,256,28,4,1,0,0,476.00657653808594
1024,256,28,4,1,0,0,476.1394462585449
1024,256,28,4,1,0,0,491.16954803466797
1024,256,28,4,1,0,0,492.9485778808594
1024,256,28,4,1,0,0,494.0744438171387
1024,256,28,4,1,0,0,496.4816780090332
1024,256,28,4,1,0,0,496.9378967285156
1024,256,28,4,1,0,0,508.1805076599121
1024,256,28,4,1,0,0,508.6598434448242
1024,256,28,4,1,0,0,513.0705032348633
1024,256,28,4,1,0,0,524.2999038696289
1024,256,28,4,1,0,0,553.0888671875
1024,256,28,4,1,0,0,583.3158073425293
1024,256,28,4,1,0,0,684.9177360534668
1024,256,28,4,1,1,0,411.03618240356445
1024,256,28,4,1,1,0,416.29637145996094
1024,256,28,4,1,1,0,451.6863822937012
1024,256,28,4,1,1,0,451.99107360839844
1024,256,28,4,1,1,0,458.2316436767578
1024,256,28,4,1,1,0,459.48705291748047
1024,256,28,4,1,1,0,465.2059211730957
1024,256,28,4,1,1,0,466.24605560302734
1024,256,28,4,1,1,0,474.4536437988281
1024,256,28,4,1,1,0,478.6133689880371
1024,256,28,4,1,1,0,482.90170669555664
1024,256,28,4,1,1,0,486.76662826538086
1024,256,28,4,1,1,0,495.0594482421875
1024,256,28,4,1,1,0,511.1741371154785
1024,256,28,4,1,1,0,516.5415229797363
1024,256,28,4,1,1,0,523.9196166992188
1024,256,28,4,1,1,0,543.2744674682617
1024,256,28,4,1,1,0,550.0712394714355
1024,256,28,4,1,1,0,575.5263137817383
1024,256,28,4,1,1,0,603.915828704834
1024,512,7,4,0,0,0,123.78768157958984
1024,512,7,4,0,0,0,130.83824920654297
1024,512,7,4,0,0,0,132.2715015411377
1024,512,7,4,0,0,0,132.4695987701416
1024,512,7,4,0,0,0,132.6524658203125
1024,512,7,4,0,0,0,132.99527549743652
1024,512,7,4,0,0,0,133.32750129699707
1024,512,7,4,0,0,0,133.34333038330078
1024,512,7,4,0,0,0,133.4627285003662
1024,512,7,4,0,0,0,133.97111701965332
1024,512,7,4,0,0,0,134.82016372680664
1024,512,7,4,0,0,0,134.86067390441895
1024,512,7,4,0,0,0,135.96536254882812
1024,512,7,4,0,0,0,136.3421401977539
1024,512,7,4,0,0,0,137.8146514892578
1024,512,7,4,0,0,0,138.0757236480713
1024,512,7,4,0,0,0,139.49264335632324
1024,512,7,4,0,0,0,142.16589546203613
1024,512,7,4,0,0,0,153.07941055297852
1024,512,7,4,0,0,0,171.35842514038086
1024,512,7,4,0,1,0,129.30470657348633
1024,512,7,4,0,1,0,131.95598220825195
1024,512,7,4,0,1,0,133.35826683044434
1024,512,7,4,0,1,0,133.579008102417
1024,512,7,4,0,1,0,133.99697875976562
1024,512,7,4,0,1,0,134.00757217407227
1024,512,7,4,0,1,0,134.14754676818848
1024,512,7,4,0,1,0,134.37904167175293
1024,512,7,4,0,1,0,134.4300022125244
1024,512,7,4,0,1,0,134.54394340515137
1024,512,7,4,0,1,0,134.8859977722168
1024,512,7,4,0,1,0,138.24467277526855
1024,512,7,4,0,1,0,138.9679470062256
1024,512,7,4,0,1,0,139.9614486694336
1024,512,7,4,0,1,0,145.1749153137207
1024,512,7,4,0,1,0,161.3362045288086
1024,512,7,4,0,1,0,163.48472595214844
1024,512,7,4,0,1,0,174.87453842163086
1024,512,7,4,0,1,0,176.39993286132812
1024,512,7,4,0,1,0,180.00000190734863
1024,512,7,4,1,0,0,130.84775924682617
1024,512,7,4,1,0,0,133.0403823852539
1024,512,7,4,1,0,0,135.91443824768066
1024,512,7,4,1,0,0,136.23026847839355
1024,512,7,4,1,0,0,136.7537384033203
1024,512,7,4,1,0,0,137.1170253753662
1024,512,7,4,1,0,0,137.27959632873535
1024,512,7,4,1,0,0,137.65184020996094
1024,512,7,4,1,0,0,138.25433349609375
1024,512,7,4,1,0,0,138.62250137329102
1024,512,7,4,1,0,0,139.06796646118164
1024,512,7,4,1,0,0,140.70623207092285
1024,512,7,4,1,0,0,141.03314781188965
1024,512,7,4,1,0,0,142.2561264038086
1024,512,7,4,1,0,0,144.5140838623047
1024,512,7,4,1,0,0,145.48573684692383
1024,512,7,4,1,0,0,145.60581588745117
1024,512,7,4,1,0,0,180.12752723693848
1024,512,7,4,1,0,0,180.43379402160645
1024,512,7,4,1,0,0,203.49161911010742
1024,512,7,4,1,1,0,131.52623176574707
1024,512,7,4,1,1,0,135.12979125976562
1024,512,7,4,1,1,0,135.8996181488037
1024,512,7,4,1,1,0,136.6814365386963
1024,512,7,4,1,1,0,137.08157539367676
1024,512,7,4,1,1,0,137.21766662597656
1024,512,7,4,1,1,0,137.57340240478516
1024,512,7,4,1,1,0,138.42080307006836
1024,512,7,4,1,1,0,138.7788848876953
1024,512,7,4,1,1,0,138.79148864746094
1024,512,7,4,1,1,0,139.5766372680664
1024,512,7,4,1,1,0,139.8580265045166
1024,512,7,4,1,1,0,140.4798069000244
1024,512,7,4,1,1,0,140.89117431640625
1024,512,7,4,1,1,0,143.08266830444336
1024,512,7,4,1,1,0,146.72991561889648
1024,512,7,4,1,1,0,147.99320220947266
1024,512,7,4,1,1,0,150.87192153930664
1024,512,7,4,1,1,0,177.5571346282959
1024,512,7,4,1,1,0,215.4356689453125
2048,256,28,4,0,0,0,207.94659233093262
2048,256,28,4,0,0,0,230.7898349761963
2048,256,28,4,0,0,0,237.88911819458008
2048,256,28,4,0,0,0,264.87070655822754
2048,256,28,4,0,0,0,266.6685543060303
2048,256,28,4,0,0,0,268.83400535583496
2048,256,28,4,0,0,0,268.9786720275879
2048,256,28,4,0,0,0,269.0232753753662
2048,256,28,4,0,0,0,269.7539405822754
2048,256,28,4,0,0,0,270.74296951293945
2048,256,28,4,0,0,0,282.1942024230957
2048,256,28,4,0,0,0,282.8066940307617
2048,256,28,4,0,0,0,286.3810348510742
2048,256,28,4,0,0,0,287.6561222076416
2048,256,28,4,0,0,0,303.1803741455078
2048,256,28,4,0,0,0,306.48076248168945
2048,256,28,4,0,0,0,325.349084854126
2048,256,28,4,0,0,0,327.406925201416
2048,256,28,4,0,0,0,327.6826457977295
2048,256,28,4,0,0,0,339.72468757629395
2048,256,28,4,0,1,0,204.35497283935547
2048,256,28,4,0,1,0,210.00494956970215
2048,256,28,4,0,1,0,265.78304862976074
2048,256,28,4,0,1,0,265.9732666015625
2048,256,28,4,0,1,0,266.23132133483887
2048,256,28,4,0,1,0,268.41131019592285
2048,256,28,4,0,1,0,268.71561431884766
2048,256,28,4,0,1,0,271.7304573059082
2048,256,28,4,0,1,0,273.24267959594727
2048,256,28,4,0,1,0,273.8228645324707
2048,256,28,4,0,1,0,274.55822372436523
2048,256,28,4,0,1,0,283.0464916229248
2048,256,28,4,0,1,0,284.39056396484375
2048,256,28,4,0,1,0,304.43123626708984
2048,256,28,4,0,1,0,310.373291015625
2048,256,28,4,0,1,0,312.900333404541
2048,256,28,4,0,1,0,321.5343894958496
2048,256,28,4,0,1,0,323.31276512145996
2048,256,28,4,0,1,0,330.18908309936523
2048,256,28,4,0,1,0,338.4474754333496
2048,256,28,4,1,0,0,210.98687744140625
2048,256,28,4,1,0,0,214.9203815460205
2048,256,28,4,1,0,0,224.3767547607422
2048,256,28,4,1,0,0,225.8231658935547
2048,256,28,4,1,0,0,237.55054473876953
2048,256,28,4,1,0,0,239.80884170532227
2048,256,28,4,1,0,0,240.1111888885498
2048,256,28,4,1,0,0,244.16636276245117
2048,256,28,4,1,0,0,247.00140190124512
2048,256,28,4,1,0,0,247.62185096740723
2048,256,28,4,1,0,0,248.81605339050293
2048,256,28,4,1,0,0,248.96290016174316
2048,256,28,4,1,0,0,258.32468032836914
2048,256,28,4,1,0,0,260.1007080078125
2048,256,28,4,1,0,0,263.5582618713379
2048,256,28,4,1,0,0,271.5934200286865
2048,256,28,4,1,0,0,294.7349090576172
2048,256,28,4,1,0,0,297.58610916137695
2048,256,28,4,1,0,0,298.79894256591797
2048,256,28,4,1,0,0,305.3942165374756
2048,256,28,4,1,1,0,231.2387866973877
2048,256,28,4,1,1,0,232.94514656066895
2048,256,28,4,1,1,0,233.8374900817871
2048,256,28,4,1,1,0,237.40880393981934
2048,256,28,4,1,1,0,239.63785934448242
2048,256,28,4,1,1,0,241.1756706237793
2048,256,28,4,1,1,0,242.36759567260742
2048,256,28,4,1,1,0,242.87899017333984
2048,256,28,4,1,1,0,244.81579780578613
2048,256,28,4,1,1,0,245.4681396484375
2048,256,28,4,1,1,0,247.2103328704834
2048,256,28,4,1,1,0,249.95081520080566
2048,256,28,4,1,1,0,262.5175132751465
2048,256,28,4,1,1,0,263.78467178344727
2048,256,28,4,1,1,0,267.815034866333
2048,256,28,4,1,1,0,270.6318988800049
2048,256,28,4,1,1,0,277.10791206359863
2048,256,28,4,1,1,0,279.14112091064453
2048,256,28,4,1,1,0,286.81949043273926
2048,256,28,4,1,1,0,299.99206161499023
2048,512,7,4,0,0,0,64.48289012908936
2048,512,7,4,0,0,0,66.31912136077881
2048,512,7,4,0,0,0,66.59725666046143
2048,512,7,4,0,0,0,67.24864196777344
2048,512,7,4,0,0,0,67.41290187835693
2048,512,7,4,0,0,0,67.92217254638672
2048,512,7,4,0,0,0,67.94634246826172
2048,512,7,4,0,0,0,68.11752128601074
2048,512,7,4,0,0,0,68.60132598876953
2048,512,7,4,0,0,0,68.84920692443848
2048,512,7,4,0,0,0,69.1940393447876
2048,512,7,4,0,0,0,69.23866271972656
2048,512,7,4,0,0,0,69.48983573913574
2048,512,7,4,0,0,0,69.96595764160156
2048,512,7,4,0,0,0,70.25507640838623
2048,512,7,4,0,0,0,80.64841842651367
2048,512,7,4,0,0,0,83.9744873046875
2048,512,7,4,0,0,0,87.99302864074707
2048,512,7,4,0,0,0,90.9068603515625
2048,512,7,4,0,0,0,98.11993789672852
2048,512,7,4,0,1,0,62.931782722473145
2048,512,7,4,0,1,0,64.71099662780762
2048,512,7,4,0,1,0,66.40976333618164
2048,512,7,4,0,1,0,67.2465467453003
2048,512,7,4,0,1,0,67.78748321533203
2048,512,7,4,0,1,0,67.8665132522583
2048,512,7,4,0,1,0,67.86854839324951
2048,512,7,4,0,1,0,68.10192489624023
2048,512,7,4,0,1,0,68.20145320892334
2048,512,7,4,0,1,0,68.41860008239746
2048,512,7,4,0,1,0,68.64276885986328
2048,512,7,4,0,1,0,68.70610904693604
2048,512,7,4,0,1,0,69.29537296295166
2048,512,7,4,0,1,0,69.36316967010498
2048,512,7,4,0,1,0,69.36900997161865
2048,512,7,4,0,1,0,70.31780338287354
2048,512,7,4,0,1,0,71.98149681091309
2048,512,7,4,0,1,0,72.29143714904785
2048,512,7,4,0,1,0,83.02086734771729
2048,512,7,4,0,1,0,89.54531955718994
2048,512,7,4,1,0,0,64.24854183197021
2048,512,7,4,1,0,0,64.40109348297119
2048,512,7,4,1,0,0,67.01591396331787
2048,512,7,4,1,0,0,68.74916934967041
2048,512,7,4,1,0,0,68.76393699645996
2048,512,7,4,1,0,0,68.88134765625
2048,512,7,4,1,0,0,69.225172996521
2048,512,7,4,1,0,0,69.5948257446289
2048,512,7,4,1,0,0,70.13140773773193
2048,512,7,4,1,0,0,70.88549327850342
2048,512,7,4,1,0,0,71.5508165359497
2048,512,7,4,1,0,0,72.30403423309326
2048,512,7,4,1,0,0,72.98543930053711
2048,512,7,4,1,0,0,73.79091930389404
2048,512,7,4,1,0,0,74.7532730102539
2048,512,7,4,1,0,0,78.96169757843018
2048,512,7,4,1,0,0,79.1644983291626
2048,512,7,4,1,0,0,79.24409198760986
2048,512,7,4,1,0,0,91.18096828460693
2048,512,7,4,1,0,0,92.92410945892334
2048,512,7,4,1,1,0,64.4019250869751
2048,512,7,4,1,1,0,65.99690818786621
2048,512,7,4,1,1,0,66.48475456237793
2048,512,7,4,1,1,0,67.99601745605469
2048,512,7,4,1,1,0,68.4725112915039
2048,512,7,4,1,1,0,69.59389686584473
2048,512,7,4,1,1,0,69.62588787078857
2048,512,7,4,1,1,0,70.1088752746582
2048,512,7,4,1,1,0,70.15452766418457
2048,512,7,4,1,1,0,70.33942413330078
2048,512,7,4,1,1,0,70.53635311126709
2048,512,7,4,1,1,0,70.63131427764893
2048,512,7,4,1,1,0,70.7874231338501
2048,512,7,4,1,1,0,71.38954830169678
2048,512,7,4,1,1,0,71.41120719909668
2048,512,7,4,1,1,0,73.2520980834961
2048,512,7,4,1,1,0,78.60810470581055
2048,512,7,4,1,1,0,79.25516414642334
2048,512,7,4,1,1,0,82.2505750656128
2048,512,7,4,1,1,0,100.62283992767334
4096,256,28,4,0,0,0,114.85005569458008
4096,256,28,4,0,0,0,125.88148784637451
4096,256,28,4,0,0,0,129.7557544708252
4096,256,28,4,0,0,0,136.48826122283936
4096,256,28,4,0,0,0,138.08859634399414
4096,256,28,4,0,0,0,138.20309925079346
4096,256,28,4,0,0,0,138.27994537353516
4096,256,28,4,0,0,0,138.36863327026367
4096,256,28,4,0,0,0,139.17083168029785
4096,256,28,4,0,0,0,139.45293807983398
4096,256,28,4,0,0,0,141.08318519592285
4096,256,28,4,0,0,0,146.86901187896729
4096,256,28,4,0,0,0,149.79563236236572
4096,256,28,4,0,0,0,154.01933765411377
4096,256,28,4,0,0,0,154.15794467926025
4096,256,28,4,0,0,0,155.18186378479004
4096,256,28,4,0,0,0,156.39616012573242
4096,256,28,4,0,0,0,157.58325958251953
4096,256,28,4,0,0,0,168.55396175384521
4096,256,28,4,0,0,0,452.3324089050293
4096,256,28,4,0,1,0,107.02581596374512
4096,256,28,4,0,1,0,118.86520099639893
4096,256,28,4,0,1,0,135.67028522491455
4096,256,28,4,0,1,0,136.94366359710693
4096,256,28,4,0,1,0,137.66918849945068
4096,256,28,4,0,1,0,138.14157104492188
4096,256,28,4,0,1,0,138.69931602478027
4096,256,28,4,0,1,0,139.2386655807495
4096,256,28,4,0,1,0,139.35607147216797
4096,256,28,4,0,1,0,145.28850746154785
4096,256,28,4,0,1,0,146.9656000137329
4096,256,28,4,0,1,0,150.68780612945557
4096,256,28,4,0,1,0,153.65110969543457
4096,256,28,4,0,1,0,154.47698783874512
4096,256,28,4,0,1,0,155.1470537185669
4096,256,28,4,0,1,0,159.61940574645996
4096,256,28,4,0,1,0,160.93082809448242
4096,256,28,4,0,1,0,162.30470943450928
4096,256,28,4,0,1,0,168.93762969970703
4096,256,28,4,0,1,0,170.2004566192627
4096,256,28,4,1,0,0,110.58874130249023
4096,256,28,4,1,0,0,113.42104816436768
4096,256,28,4,1,0,0,120.26779651641846
4096,256,28,4,1,0,0,120.98412799835205
4096,256,28,4,1,0,0,121.24011611938477
4096,256,28,4,1,0,0,122.6155891418457
4096,256,28,4,1,0,0,122.66953086853027
4096,256,28,4,1,0,0,124.60879325866699
4096,256,28,4,1,0,0,124.83103466033936
4096,256,28,4,1,0,0,125.08946895599365
4096,256,28,4,1,0,0,125.12137413024902
4096,256,28,4,1,0,0,126.17481136322021
4096,256,28,4,1,0,0,128.29853916168213
4096,256,28,4,1,0,0,130.06036567687988
4096,256,28,4,1,0,0,136.7516279220581
4096,256,28,4,1,0,0,139.37521171569824
4096,256,28,4,1,0,0,151.81042194366455
4096,256,28,4,1,0,0,154.58428859710693
4096,256,28,4,1,0,0,155.45137119293213
4096,256,28,4,1,0,0,155.50691509246826
4096,256,28,4,1,1,0,108.34548282623291
4096,256,28,4,1,1,0,120.29880237579346
4096,256,28,4,1,1,0,120.82331085205078
4096,256,28,4,1,1,0,123.60066795349121
4096,256,28,4,1,1,0,124.17995738983154
4096,256,28,4,1,1,0,124.48783493041992
4096,256,28,4,1,1,0,124.96553611755371
4096,256,28,4,1,1,0,125.54790496826172
4096,256,28,4,1,1,0,125.580153465271
4096,256,28,4,1,1,0,127.32282638549805
4096,256,28,4,1,1,0,129.69739437103271
4096,256,28,4,1,1,0,130.70894527435303
4096,256,28,4,1,1,0,131.8538064956665
4096,256,28,4,1,1,0,133.13897323608398
4096,256,28,4,1,1,0,137.08567428588867
4096,256,28,4,1,1,0,138.02427291870117
4096,256,28,4,1,1,0,138.50055122375488
4096,256,28,4,1,1,0,139.4021978378296
4096,256,28,4,1,1,0,143.22327995300293
4096,256,28,4,1,1,0,152.56983947753906
4096,512,7,4,0,0,0,34.467607498168945
4096,512,7,4,0,0,0,34.528565883636475
4096,512,7,4,0,0,0,34.54679870605469
4096,512,7,4,0,0,0,34.55531072616577
4096,512,7,4,0,0,0,34.68454933166504
4096,512,7,4,0,0,0,34.724342346191406
4096,512,7,4,0,0,0,34.72454786300659
4096,512,7,4,0,0,0,34.80416440963745
4096,512,7,4,0,0,0,34.82358646392822
4096,512,7,4,0,0,0,35.09057092666626
4096,512,7,4,0,0,0,35.272746562957764
4096,512,7,4,0,0,0,35.3222393989563
4096,512,7,4,0,0,0,35.50989580154419
4096,512,7,4,0,0,0,35.83435392379761
4096,512,7,4,0,0,0,35.98218870162964
4096,512,7,4,0,0,0,37.3260235786438
4096,512,7,4,0,0,0,38.92952919006348
4096,512,7,4,0,0,0,43.00656843185425
4096,512,7,4,0,0,0,43.99923324584961
4096,512,7,4,0,0,0,45.4709038734436
4096,512,7,4,0,1,0,32.01813220977783
4096,512,7,4,0,1,0,32.20255374908447
4096,512,7,4,0,1,0,32.525471210479736
4096,512,7,4,0,1,0,34.44171714782715
4096,512,7,4,0,1,0,34.61720085144043
4096,512,7,4,0,1,0,34.65516996383667
4096,512,7,4,0,1,0,34.767539978027344
4096,512,7,4,0,1,0,34.77305841445923
4096,512,7,4,0,1,0,34.78444194793701
4096,512,7,4,0,1,0,34.82067680358887
4096,512,7,4,0,1,0,34.86228704452515
4096,512,7,4,0,1,0,34.868152141571045
4096,512,7,4,0,1,0,35.26414346694946
4096,512,7,4,0,1,0,35.37319326400757
4096,512,7,4,0,1,0,35.90397930145264
4096,512,7,4,0,1,0,38.22500944137573
4096,512,7,4,0,1,0,38.26244831085205
4096,512,7,4,0,1,0,39.62976932525635
4096,512,7,4,0,1,0,40.101547718048096
4096,512,7,4,0,1,0,45.61903619766235
4096,512,7,4,1,0,0,32.5886607170105
4096,512,7,4,1,0,0,34.77153730392456
4096,512,7,4,1,0,0,35.31579256057739
4096,512,7,4,1,0,0,35.48248338699341
4096,512,7,4,1,0,0,35.60144090652466
4096,512,7,4,1,0,0,35.69743013381958
4096,512,7,4,1,0,0,36.01776313781738
4096,512,7,4,1,0,0,36.38145637512207
4096,512,7,4,1,0,0,36.47613334655762
4096,512,7,4,1,0,0,36.50168037414551
4096,512,7,4,1,0,0,36.91900873184204
4096,512,7,4,1,0,0,37.40173101425171
4096,512,7,4,1,0,0,37.85958480834961
4096,512,7,4,1,0,0,40.16517686843872
4096,512,7,4,1,0,0,40.781508445739746
4096,512,7,4,1,0,0,40.90299463272095
4096,512,7,4,1,0,0,44.08926582336426
4096,512,7,4,1,0,0,44.84017372131348
4096,512,7,4,1,0,0,45.73756742477417
4096,512,7,4,1,0,0,46.06972789764404
4096,512,7,4,1,1,0,32.96379566192627
4096,512,7,4,1,1,0,33.12865400314331
4096,512,7,4,1,1,0,34.41627597808838
4096,512,7,4,1,1,0,35.073463916778564
4096,512,7,4,1,1,0,35.19407510757446
4096,512,7,4,1,1,0,35.29429531097412
4096,512,7,4,1,1,0,35.35306644439697
4096,512,7,4,1,1,0,35.43026781082153
4096,512,7,4,1,1,0,35.60658025741577
4096,512,7,4,1,1,0,35.999024868011475
4096,512,7,4,1,1,0,36.05190706253052
4096,512,7,4,1,1,0,36.36420154571533
4096,512,7,4,1,1,0,36.6751594543457
4096,512,7,4,1,1,0,37.44822549819946
4096,512,7,4,1,1,0,38.01361322402954
4096,512,7,4,1,1,0,39.65927219390869
4096,512,7,4,1,1,0,42.130459785461426
4096,512,7,4,1,1,0,47.08760929107666
4096,512,7,4,1,1,0,47.200825691223145
4096,512,7,4,1,1,0,53.30402851104736
8192,256,28,4,0,0,0,55.746779918670654
8192,256,28,4,0,0,0,61.66600036621094
8192,256,28,4,0,0,0,72.35883951187134
8192,256,28,4,0,0,0,73.29504823684692
8192,256,28,4,0,0,0,73.31210374832153
8192,256,28,4,0,0,0,73.4971284866333
8192,256,28,4,0,0,0,74.19097995758057
8192,256,28,4,0,0,0,74.27591705322266
8192,256,28,4,0,0,0,74.29500722885132
8192,256,28,4,0,0,0,78.07486867904663
8192,256,28,4,0,0,0,78.11484336853027
8192,256,28,4,0,0,0,78.2972617149353
8192,256,28,4,0,0,0,78.59467458724976
8192,256,28,4,0,0,0,80.96876287460327
8192,256,28,4,0,0,0,81.84821844100952
8192,256,28,4,0,0,0,82.42570304870605
8192,256,28,4,0,0,0,82.57026672363281
8192,256,28,4,0,0,0,82.82586765289307
8192,256,28,4,0,0,0,84.58547401428223
8192,256,28,4,0,0,0,87.65595436096191
8192,256,28,4,0,1,0,63.29437208175659
8192,256,28,4,0,1,0,72.71393966674805
8192,256,28,4,0,1,0,72.77112579345703
8192,256,28,4,0,1,0,72.96054172515869
8192,256,28,4,0,1,0,73.30746221542358
8192,256,28,4,0,1,0,73.59502124786377
8192,256,28,4,0,1,0,73.69141054153442
8192,256,28,4,0,1,0,73.72600889205933
8192,256,28,4,0,1,0,73.90554332733154
8192,256,28,4,0,1,0,73.9066514968872
8192,256,28,4,0,1,0,73.91615056991577
8192,256,28,4,0,1,0,76.66089057922363
8192,256,28,4,0,1,0,77.18743991851807
8192,256,28,4,0,1,0,77.70106506347656
8192,256,28,4,0,1,0,77.94703769683838
8192,256,28,4,0,1,0,79.08455419540405
8192,256,28,4,0,1,0,83.85829210281372
8192,256,28,4,0,1,0,86.51671171188354
8192,256,28,4,0,1,0,86.81896495819092
8192,256,28,4,0,1,0,87.09557294845581
8192,256,28,4,1,0,0,57.12579345703125
8192,256,28,4,1,0,0,61.1726655960083
8192,256,28,4,1,0,0,62.369996070861816
8192,256,28,4,1,0,0,62.849480628967285
8192,256,28,4,1,0,0,63.29716873168945
8192,256,28,4,1,0,0,63.37517070770264
8192,256,28,4,1,0,0,64.7140383720398
8192,256,28,4,1,0,0,65.6745491027832
8192,256,28,4,1,0,0,65.68639039993286
8192,256,28,4,1,0,0,66.05706882476807
8192,256,28,4,1,0,0,67.06730318069458
8192,256,28,4,1,0,0,67.69678544998169
8192,256,28,4,1,0,0,70.09458923339844
8192,256,28,4,1,0,0,74.23009157180786
8192,256,28,4,1,0,0,74.52480506896973
8192,256,28,4,1,0,0,75.26179552078247
8192,256,28,4,1,0,0,75.60721015930176
8192,256,28,4,1,0,0,79.20156002044678
8192,256,28,4,1,0,0,80.46583795547485
8192,256,28,4,1,0,0,86.27332878112793
8192,256,28,4,1,1,0,62.84700393676758
8192,256,28,4,1,1,0,62.99958038330078
8192,256,28,4,1,1,0,63.85160779953003
8192,256,28,4,1,1,0,63.95656156539917
8192,256,28,4,1,1,0,64.13203001022339
8192,256,28,4,1,1,0,64.18429660797119
8192,256,28,4,1,1,0,64.21197843551636
8192,256,28,4,1,1,0,65.30456638336182
8192,256,28,4,1,1,0,65.61387872695923
8192,256,28,4,1,1,0,67.10667943954468
8192,256,28,4,1,1,0,68.63884735107422
8192,256,28,4,1,1,0,68.73168992996216
8192,256,28,4,1,1,0,68.90819025039673
8192,256,28,4,1,1,0,69.2309079170227
8192,256,28,4,1,1,0,69.56396007537842
8192,256,28,4,1,1,0,69.72260189056396
8192,256,28,4,1,1,0,71.10199308395386
8192,256,28,4,1,1,0,74.24498319625854
8192,256,28,4,1,1,0,75.2861680984497
8192,256,28,4,1,1,0,77.50456714630127
8192,512,7,4,0,0,0,17.96028208732605
8192,512,7,4,0,0,0,18.081655263900757
8192,512,7,4,0,0,0,18.16903805732727
8192,512,7,4,0,0,0,18.206610918045044
8192,512,7,4,0,0,0,18.265183687210083
8192,512,7,4,0,0,0,18.271689653396606
8192,512,7,4,0,0,0,18.276625633239746
8192,512,7,4,0,0,0,18.33588743209839
8192,512,7,4,0,0,0,18.35239267349243
8192,512,7,4,0,0,0,18.532607793807983
8192,512,7,4,0,0,0,18.569316387176514
8192,512,7,4,0,0,0,18.754233360290527
8192,512,7,4,0,0,0,18.78408408164978
8192,512,7,4,0,0,0,18.807037591934204
8192,512,7,4,0,0,0,18.828710556030273
8192,512,7,4,0,0,0,19.05301570892334
8192,512,7,4,0,0,0,19.14451789855957
8192,512,7,4,0,0,0,19.920609712600708
8192,512,7,4,0,0,0,23.494420289993286
8192,512,7,4,0,0,0,24.245523691177368
8192,512,7,4,0,1,0,17.04958176612854
8192,512,7,4,0,1,0,17.15727472305298
8192,512,7,4,0,1,0,17.413731813430786
8192,512,7,4,0,1,0,17.757899045944214
8192,512,7,4,0,1,0,18.083760976791382
8192,512,7,4,0,1,0,18.10270357131958
8192,512,7,4,0,1,0,18.23883819580078
8192,512,7,4,0,1,0,18.359821796417236
8192,512,7,4,0,1,0,18.36165475845337
8192,512,7,4,0,1,0,18.475779056549072
8192,512,7,4,0,1,0,18.583844661712646
8192,512,7,4,0,1,0,18.855071544647217
8192,512,7,4,0,1,0,19.440845251083374
8192,512,7,4,0,1,0,19.985116004943848
8192,512,7,4,0,1,0,20.32461428642273
8192,512,7,4,0,1,0,20.36606001853943
8192,512,7,4,0,1,0,20.97466540336609
8192,512,7,4,0,1,0,21.961859941482544
8192,512,7,4,0,1,0,23.267178058624268
8192,512,7,4,0,1,0,23.510258674621582
8192,512,7,4,1,0,0,17.484408855438232
8192,512,7,4,1,0,0,18.542473077774048
8192,512,7,4,1,0,0,18.574615240097046
8192,512,7,4,1,0,0,18.630698442459106
8192,512,7,4,1,0,0,18.64860725402832
8192,512,7,4,1,0,0,18.676220655441284
8192,512,7,4,1,0,0,18.702516794204712
8192,512,7,4,1,0,0,18.846556186676025
8192,512,7,4,1,0,0,18.847723245620728
8192,512,7,4,1,0,0,18.92680287361145
8192,512,7,4,1,0,0,18.974207162857056
8192,512,7,4,1,0,0,19.01245403289795
8192,512,7,4,1,0,0,19.018280029296875
8192,512,7,4,1,0,0,19.123767137527466
8192,512,7,4,1,0,0,19.315030097961426
8192,512,7,4,1,0,0,19.454331398010254
8192,512,7,4,1,0,0,19.628281831741333
8192,512,7,4,1,0,0,19.781453847885132
8192,512,7,4,1,0,0,20.776914358139038
8192,512,7,4,1,0,0,21.434741020202637
8192,512,7,4,1,1,0,18.548096895217896
8192,512,7,4,1,1,0,18.741106033325195
8192,512,7,4,1,1,0,18.76988649368286
8192,512,7,4,1,1,0,18.836232662200928
8192,512,7,4,1,1,0,18.916834831237793
8192,512,7,4,1,1,0,19.118845224380493
8192,512,7,4,1,1,0,19.231992721557617
8192,512,7,4,1,1,0,19.398059368133545
8192,512,7,4,1,1,0,19.881027936935425
8192,512,7,4,1,1,0,20.088744640350342
8192,512,7,4,1,1,0,20.812424898147583
8192,512,7,4,1,1,0,20.912623405456543
8192,512,7,4,1,1,0,21.758899927139282
8192,512,7,4,1,1,0,23.516544103622437
8192,512,7,4,1,1,0,23.81067728996277
8192,512,7,4,1,1,0,23.962235927581787
8192,512,7,4,1,1,0,24.25499963760376
8192,512,7,4,1,1,0,24.59157681465149
8192,512,7,4,1,1,0,27.03857707977295
8192,512,7,4,1,1,0,27.33173632621765
16384,256,28,4,0,0,0,33.128767251968384
16384,256,28,4,0,0,0,37.2858407497406
16384,256,28,4,0,0,0,37.602818965911865
16384,256,28,4,0,0,0,37.81191325187683
16384,256,28,4,0,0,0,38.36139488220215
16384,256,28,4,0,0,0,38.69524526596069
16384,256,28,4,0,0,0,38.72408986091614
16384,256,28,4,0,0,0,39.40105080604553
16384,256,28,4,0,0,0,39.686569929122925
16384,256,28,4,0,0,0,39.90583515167236
16384,256,28,4,0,0,0,41.3812358379364
16384,256,28,4,0,0,0,41.414926052093506
16384,256,28,4,0,0,0,41.42868685722351
16384,256,28,4,0,0,0,41.518579721450806
16384,256,28,4,0,0,0,42.175089597702026
16384,256,28,4,0,0,0,44.05478310585022
16384,256,28,4,0,0,0,44.92404747009277
16384,256,28,4,0,0,0,45.76936149597168
16384,256,28,4,0,0,0,46.55324387550354
16384,256,28,4,0,0,0,48.645296812057495
16384,256,28,4,0,1,0,36.21515727043152
16384,256,28,4,0,1,0,37.44191646575928
16384,256,28,4,0,1,0,37.923964738845825
16384,256,28,4,0,1,0,38.640549182891846
16384,256,28,4,0,1,0,39.15834331512451
16384,256,28,4,0,1,0,39.32238698005676
16384,256,28,4,0,1,0,39.396843910217285
16384,256,28,4,0,1,0,39.48581528663635
16384,256,28,4,0,1,0,40.75496053695679
16384,256,28,4,0,1,0,41.13639855384827
16384,256,28,4,0,1,0,41.35746169090271
16384,256,28,4,0,1,0,41.58037352561951
16384,256,28,4,0,1,0,41.8350875377655
16384,256,28,4,0,1,0,42.699321031570435
16384,256,28,4,0,1,0,43.043519735336304
16384,256,28,4,0,1,0,43.16986322402954
16384,256,28,4,0,1,0,43.96717977523804
16384,256,28,4,0,1,0,45.01222467422485
16384,256,28,4,0,1,0,46.145201206207275
16384,256,28,4,0,1,0,46.980496883392334
16384,256,28,4,1,0,0,34.368096590042114
16384,256,28,4,1,0,0,34.783114194869995
16384,256,28,4,1,0,0,35.344345808029175
16384,256,28,4,1,0,0,35.43744421005249
16384,256,28,4,1,0,0,35.7730815410614
16384,256,28,4,1,0,0,35.77964758872986
16384,256,28,4,1,0,0,36.078306436538696
16384,256,28,4,1,0,0,36.216230154037476
16384,256,28,4,1,0,0,36.5934853553772
16384,256,28,4,1,0,0,37.10411524772644
16384,256,28,4,1,0,0,37.24214434623718
16384,256,28,4,1,0,0,37.72917938232422
16384,256,28,4,1,0,0,38.37961006164551
16384,256,28,4,1,0,0,39.12298011779785
16384,256,28,4,1,0,0,40.484050273895264
16384,256,28,4,1,0,0,40.501788854599
16384,256,28,4,1,0,0,40.86022591590881
16384,256,28,4,1,0,0,41.13795590400696
16384,256,28,4,1,0,0,43.06751894950867
16384,256,28,4,1,0,0,47.009289264678955
16384,256,28,4,1,1,0,32.65111064910889
16384,256,28,4,1,1,0,33.53894662857056
16384,256,28,4,1,1,0,33.7373788356781
16384,256,28,4,1,1,0,34.147655963897705
16384,256,28,4,1,1,0,34.67977476119995
16384,256,28,4,1,1,0,34.87925744056702
16384,256,28,4,1,1,0,35.025362968444824
16384,256,28,4,1,1,0,35.25132346153259
16384,256,28,4,1,1,0,35.53805613517761
16384,256,28,4,1,1,0,35.721264123916626
16384,256,28,4,1,1,0,35.85567903518677
16384,256,28,4,1,1,0,37.94378113746643
16384,256,28,4,1,1,0,38.70046544075012
16384,256,28,4,1,1,0,38.92664337158203
16384,256,28,4,1,1,0,39.79410171508789
16384,256,28,4,1,1,0,41.07351589202881
16384,256,28,4,1,1,0,41.14752721786499
16384,256,28,4,1,1,0,43.34826588630676
16384,256,28,4,1,1,0,43.420976638793945
16384,256,28,4,1,1,0,44.54562520980835
16384,512,7,4,0,0,0,9.329038262367249
16384,512,7,4,0,0,0,9.547694206237793
16384,512,7,4,0,0,0,9.880107283592224
16384,512,7,4,0,0,0,9.90821921825409
16384,512,7,4,0,0,0,9.925231695175171
16384,512,7,4,0,0,0,9.937212467193604
16384,512,7,4,0,0,0,9.955294609069824
16384,512,7,4,0,0,0,9.96099078655243
16384,512,7,4,0,0,0,9.97034215927124
16384,512,7,4,0,0,0,10.004719734191895
16384,512,7,4,0,0,0,10.008487701416016
16384,512,7,4,0,0,0,10.141529560089111
16384,512,7,4,0,0,0,10.201680779457092
16384,512,7,4,0,0,0,10.222020864486694
16384,512,7,4,0,0,0,10.453919768333435
16384,512,7,4,0,0,0,10.89705777168274
16384,512,7,4,0,0,0,11.241559505462646
16384,512,7,4,0,0,0,12.141471982002258
16384,512,7,4,0,0,0,14.768888711929321
16384,512,7,4,0,0,0,15.098754167556763
16384,512,7,4,0,1,0,9.28545069694519
16384,512,7,4,0,1,0,9.557263374328613
16384,512,7,4,0,1,0,9.857693672180176
16384,512,7,4,0,1,0,9.95714008808136
16384,512,7,4,0,1,0,9.968348741531372
16384,512,7,4,0,1,0,9.982070922851562
16384,512,7,4,0,1,0,10.000532746315002
16384,512,7,4,0,1,0,10.001243591308594
16384,512,7,4,0,1,0,10.009190082550049
16384,512,7,4,0,1,0,10.028520941734314
16384,512,7,4,0,1,0,10.032535910606384
16384,512,7,4,0,1,0,10.073846697807312
16384,512,7,4,0,1,0,10.105960369110107
16384,512,7,4,0,1,0,10.12817931175232
16384,512,7,4,0,1,0,10.438373804092407
16384,512,7,4,0,1,0,10.882200121879578
16384,512,7,4,0,1,0,11.023116707801819
16384,512,7,4,0,1,0,11.063620328903198
16384,512,7,4,0,1,0,11.063734292984009
16384,512,7,4,0,1,0,12.113168716430664
16384,512,7,4,1,0,0,9.456052780151367
16384,512,7,4,1,0,0,10.107728600502014
16384,512,7,4,1,0,0,10.155708909034729
16384,512,7,4,1,0,0,10.163692116737366
16384,512,7,4,1,0,0,10.250747561454773
16384,512,7,4,1,0,0,10.261858820915222
16384,512,7,4,1,0,0,10.298353433609009
16384,512,7,4,1,0,0,10.380126953125
16384,512,7,4,1,0,0,10.429363131523132
16384,512,7,4,1,0,0,10.432583093643188
16384,512,7,4,1,0,0,10.465396761894226
16384,512,7,4,1,0,0,10.613805294036865
16384,512,7,4,1,0,0,10.740880131721497
16384,512,7,4,1,0,0,10.831254243850708
16384,512,7,4,1,0,0,10.832372188568115
16384,512,7,4,1,0,0,12.853903651237488
16384,512,7,4,1,0,0,12.958304047584534
16384,512,7,4,1,0,0,13.089037299156189
16384,512,7,4,1,0,0,13.184094905853271
16384,512,7,4,1,0,0,13.97938072681427
16384,512,7,4,1,1,0,9.77901017665863
16384,512,7,4,1,1,0,10.088939428329468
16384,512,7,4,1,1,0,10.108662843704224
16384,512,7,4,1,1,0,10.112102150917053
16384,512,7,4,1,1,0,10.144376516342163
16384,512,7,4,1,1,0,10.1588853597641
16384,512,7,4,1,1,0,10.165082454681396
16384,512,7,4,1,1,0,10.287958145141602
16384,512,7,4,1,1,0,10.332058429718018
16384,512,7,4,1,1,0,10.449958562850952
16384,512,7,4,1,1,0,10.592808842658997
16384,512,7,4,1,1,0,10.837331175804138
16384,512,7,4,1,1,0,11.061591625213623
16384,512,7,4,1,1,0,11.267666459083557
16384,512,7,4,1,1,0,11.283231258392334
16384,512,7,4,1,1,0,11.611117720603943
16384,512,7,4,1,1,0,11.96573531627655
16384,512,7,4,1,1,0,12.408820986747742
16384,512,7,4,1,1,0,13.03858470916748
16384,512,7,4,1,1,0,13.76432180404663
32768,256,28,4,0,0,0,21.834980845451355
32768,256,28,4,0,0,0,22.42188811302185
32768,256,28,4,0,0,0,22.44644820690155
32768,256,28,4,0,0,0,22.467410922050476
32768,256,28,4,0,0,0,22.46761667728424
32768,256,28,4,0,0,0,22.638510704040527
32768,256,28,4,0,0,0,22.96103847026825
32768,256,28,4,0,0,0,23.481627225875854
32768,256,28,4,0,0,0,24.179195880889893
32768,256,28,4,0,0,0,24.767903566360474
32768,256,28,4,0,0,0,24.82036590576172
32768,256,28,4,0,0,0,25.115084886550903
32768,256,28,4,0,0,0,25.25115180015564
32768,256,28,4,0,0,0,25.45275056362152
32768,256,28,4,0,0,0,25.554609060287476
32768,256,28,4,0,0,0,26.040599584579468
32768,256,28,4,0,0,0,26.759214878082275
32768,256,28,4,0,0,0,26.897823929786682
32768,256,28,4,0,0,0,27.03052592277527
32768,256,28,4,0,0,0,27.251972436904907
32768,256,28,4,0,1,0,22.40621519088745
32768,256,28,4,0,1,0,22.444891452789307
32768,256,28,4,0,1,0,22.47387444972992
32768,256,28,4,0,1,0,22.479529857635498
32768,256,28,4,0,1,0,22.52651882171631
32768,256,28,4,0,1,0,22.591060876846313
32768,256,28,4,0,1,0,22.662524104118347
32768,256,28,4,0,1,0,22.67953097820282
32768,256,28,4,0,1,0,22.772251844406128
32768,256,28,4,0,1,0,23.66162872314453
32768,256,28,4,0,1,0,24.008772015571594
32768,256,28,4,0,1,0,24.989910364151
32768,256,28,4,0,1,0,25.017496705055237
32768,256,28,4,0,1,0,25.023117184638977
32768,256,28,4,0,1,0,25.049106001853943
32768,256,28,4,0,1,0,25.131057858467102
32768,256,28,4,0,1,0,25.239043474197388
32768,256,28,4,0,1,0,25.56834375858307
32768,256,28,4,0,1,0,25.686270236968994
32768,256,28,4,0,1,0,26.187668681144714
32768,256,28,4,1,0,0,19.227603793144226
32768,256,28,4,1,0,0,19.29103946685791
32768,256,28,4,1,0,0,19.739858746528625
32768,256,28,4,1,0,0,19.856450080871582
32768,256,28,4,1,0,0,19.875013947486877
32768,256,28,4,1,0,0,19.972492814064026
32768,256,28,4,1,0,0,20.23727238178253
32768,256,28,4,1,0,0,20.29652690887451
32768,256,28,4,1,0,0,20.329720377922058
32768,256,28,4,1,0,0,20.66019856929779
32768,256,28,4,1,0,0,21.855546355247498
32768,256,28,4,1,0,0,22.23320758342743
32768,256,28,4,1,0,0,23.264278531074524
32768,256,28,4,1,0,0,24.03922963142395
32768,256,28,4,1,0,0,24.111764550209045
32768,256,28,4,1,0,0,24.13977885246277
32768,256,28,4,1,0,0,24.401201128959656
32768,256,28,4,1,0,0,24.414443731307983
32768,256,28,4,1,0,0,24.67145073413849
32768,256,28,4,1,0,0,24.72118628025055
32768,256,28,4,1,1,0,19.67715334892273
32768,256,28,4,1,1,0,19.814539432525635
32768,256,28,4,1,1,0,19.84654951095581
32768,256,28,4,1,1,0,19.87067484855652
32768,256,28,4,1,1,0,19.929114818572998
32768,256,28,4,1,1,0,20.061891078948975
32768,256,28,4,1,1,0,20.518786430358887
32768,256,28,4,1,1,0,20.53272008895874
32768,256,28,4,1,1,0,20.634432435035706
32768,256,28,4,1,1,0,20.72411549091339
32768,256,28,4,1,1,0,21.034664273262024
32768,256,28,4,1,1,0,21.356568694114685
32768,256,28,4,1,1,0,21.39301896095276
32768,256,28,4,1,1,0,22.235881686210632
32768,256,28,4,1,1,0,22.240729093551636
32768,256,28,4,1,1,0,22.469606399536133
32768,256,28,4,1,1,0,23.499781131744385
32768,256,28,4,1,1,0,24.06214928627014
32768,256,28,4,1,1,0,25.12701439857483
32768,256,28,4,1,1,0,26.563963651657104
32768,512,7,4,0,0,0,5.17530357837677
32768,512,7,4,0,0,0,5.199635922908783
32768,512,7,4,0,0,0,5.289702653884888
32768,512,7,4,0,0,0,5.462598145008087
32768,512,7,4,0,0,0,5.480393707752228
32768,512,7,4,0,0,0,5.497874736785889
32768,512,7,4,0,0,0,5.498583793640137
32768,512,7,4,0,0,0,5.502160310745239
32768,512,7,4,0,0,0,5.508317708969116
32768,512,7,4,0,0,0,5.5106014013290405
32768,512,7,4,0,0,0,5.510690629482269
32768,512,7,4,0,0,0,5.524021744728088
32768,512,7,4,0,0,0,5.546845495700836
32768,512,7,4,0,0,0,5.556631803512573
32768,512,7,4,0,0,0,5.648744344711304
32768,512,7,4,0,0,0,5.856758177280426
32768,512,7,4,0,0,0,6.659159243106842
32768,512,7,4,0,0,0,6.680432200431824
32768,512,7,4,0,0,0,6.680740833282471
32768,512,7,4,0,0,0,6.867945909500122
32768,512,7,4,0,1,0,5.209213316440582
32768,512,7,4,0,1,0,5.243028163909912
32768,512,7,4,0,1,0,5.3617236614227295
32768,512,7,4,0,1,0,5.443182349205017
32768,512,7,4,0,1,0,5.476789712905884
32768,512,7,4,0,1,0,5.506883978843689
32768,512,7,4,0,1,0,5.514279663562775
32768,512,7,4,0,1,0,5.517200171947479
32768,512,7,4,0,1,0,5.526767134666443
32768,512,7,4,0,1,0,5.527300775051117
32768,512,7,4,0,1,0,5.604324996471405
32768,512,7,4,0,1,0,5.627177953720093
32768,512,7,4,0,1,0,5.676229178905487
32768,512,7,4,0,1,0,5.7380494475364685
32768,512,7,4,0,1,0,5.788682818412781
32768,512,7,4,0,1,0,5.80144190788269
32768,512,7,4,0,1,0,5.872202157974243
32768,512,7,4,0,1,0,6.860092103481293
32768,512,7,4,0,1,0,6.933147847652435
32768,512,7,4,0,1,0,7.372965514659882
32768,512,7,4,1,0,0,5.290813207626343
32768,512,7,4,1,0,0,5.506032824516296
32768,512,7,4,1,0,0,5.53629606962204
32768,512,7,4,1,0,0,5.562350809574127
32768,512,7,4,1,0,0,5.5780041217803955
32768,512,7,4,1,0,0,5.611854374408722
32768,512,7,4,1,0,0,5.62874174118042
32768,512,7,4,1,0,0,5.638893663883209
32768,512,7,4,1,0,0,5.680276274681091
32768,512,7,4,1,0,0,5.720137774944305
32768,512,7,4,1,0,0,5.838749170303345
32768,512,7,4,1,0,0,6.135901570320129
32768,512,7,4,1,0,0,6.1462860107421875
32768,512,7,4,1,0,0,6.793142318725586
32768,512,7,4,1,0,0,6.820361316204071
32768,512,7,4,1,0,0,6.8453569412231445
32768,512,7,4,1,0,0,6.981867849826813
32768,512,7,4,1,0,0,7.421199023723602
32768,512,7,4,1,0,0,7.45966500043869
32768,512,7,4,1,0,0,8.084182918071747
32768,512,7,4,1,1,0,5.363860189914703
32768,512,7,4,1,1,0,5.566296935081482
32768,512,7,4,1,1,0,5.580922544002533
32768,512,7,4,1,1,0,5.591134250164032
32768,512,7,4,1,1,0,5.605763614177704
32768,512,7,4,1,1,0,5.605775713920593
32768,512,7,4,1,1,0,5.6641234159469604
32768,512,7,4,1,1,0,5.665481269359589
32768,512,7,4,1,1,0,5.691458284854889
32768,512,7,4,1,1,0,5.7082297801971436
32768,512,7,4,1,1,0,5.729054808616638
32768,512,7,4,1,1,0,5.747609317302704
32768,512,7,4,1,1,0,5.962701261043549
32768,512,7,4,1,1,0,6.196491003036499
32768,512,7,4,1,1,0,6.3072516322135925
32768,512,7,4,1,1,0,6.32766979932785
32768,512,7,4,1,1,0,6.412571907043457
32768,512,7,4,1,1,0,6.643736362457275
32768,512,7,4,1,1,0,6.91795015335083
32768,512,7,4,1,1,0,7.286075413227081
65536,256,28,4,0,0,0,13.363474488258362
65536,256,28,4,0,0,0,13.791679382324219
65536,256,28,4,0,0,0,13.954698085784912
65536,256,28,4,0,0,0,14.004267692565918
65536,256,28,4,0,0,0,14.065403580665588
65536,256,28,4,0,0,0,14.215174973011017
65536,256,28,4,0,0,0,14.443301379680634
65536,256,28,4,0,0,0,14.610890924930573
65536,256,28,4,0,0,0,14.627467513084412
65536,256,28,4,0,0,0,14.629740834236145
65536,256,28,4,0,0,0,14.768890500068665
65536,256,28,4,0,0,0,15.1546431183815
65536,256,28,4,0,0,0,15.322555422782898
65536,256,28,4,0,0,0,15.391372978687286
65536,256,28,4,0,0,0,15.740014612674713
65536,256,28,4,0,0,0,16.03734302520752
65536,256,28,4,0,0,0,16.281757414340973
65536,256,28,4,0,0,0,16.417806029319763
65536,256,28,4,0,0,0,16.499333560466766
65536,256,28,4,0,0,0,17.134254157543182
65536,256,28,4,0,1,0,13.481045663356781
65536,256,28,4,0,1,0,13.768786907196045
65536,256,28,4,0,1,0,13.796048879623413
65536,256,28,4,0,1,0,14.215346157550812
65536,256,28,4,0,1,0,14.28032386302948
65536,256,28,4,0,1,0,14.285484611988068
65536,256,28,4,0,1,0,14.406512439250946
65536,256,28,4,0,1,0,14.458281338214874
65536,256,28,4,0,1,0,14.608442068099976
65536,256,28,4,0,1,0,14.682660698890686
65536,256,28,4,0,1,0,14.68840229511261
65536,256,28,4,0,1,0,14.70479154586792
65536,256,28,4,0,1,0,14.85626769065857
65536,256,28,4,0,1,0,14.942782759666443
65536,256,28,4,0,1,0,15.268450260162354
65536,256,28,4,0,1,0,15.396059513092041
65536,256,28,4,0,1,0,15.551111400127411
65536,256,28,4,0,1,0,15.618141531944275
65536,256,28,4,0,1,0,16.29529494047165
65536,256,28,4,0,1,0,17.451112806797028
65536,256,28,4,1,0,0,12.535829782485962
65536,256,28,4,1,0,0,12.596163392066956
65536,256,28,4,1,0,0,12.743169844150543
65536,256,28,4,1,0,0,12.891043663024902
65536,256,28,4,1,0,0,12.895008444786072
65536,256,28,4,1,0,0,13.047845542430878
65536,256,28,4,1,0,0,13.077829539775848
65536,256,28,4,1,0,0,13.079267859458923
65536,256,28,4,1,0,0,13.106261909008026
65536,256,28,4,1,0,0,13.219422578811646
65536,256,28,4,1,0,0,13.456167995929718
65536,256,28,4,1,0,0,13.539673447608948
65536,256,28,4,1,0,0,13.545422375202179
65536,256,28,4,1,0,0,13.671200931072235
65536,256,28,4,1,0,0,13.97030508518219
65536,256,28,4,1,0,0,14.224687099456787
65536,256,28,4,1,0,0,14.407436311244965
65536,256,28,4,1,0,0,14.694003760814667
65536,256,28,4,1,0,0,14.878699600696564
65536,256,28,4,1,0,0,14.98621380329132
65536,256,28,4,1,1,0,12.524478554725647
65536,256,28,4,1,1,0,12.72964859008789
65536,256,28,4,1,1,0,12.87572455406189
65536,256,28,4,1,1,0,13.011968791484833
65536,256,28,4,1,1,0,13.145374178886414
65536,256,28,4,1,1,0,13.237402379512787
65536,256,28,4,1,1,0,13.414612174034119
65536,256,28,4,1,1,0,13.601585924625397
65536,256,28,4,1,1,0,13.631052136421204
65536,256,28,4,1,1,0,13.709846198558807
65536,256,28,4,1,1,0,13.900582313537598
65536,256,28,4,1,1,0,14.044216811656952
65536,256,28,4,1,1,0,14.056849598884583
65536,256,28,4,1,1,0,14.148771822452545
65536,256,28,4,1,1,0,14.581624150276184
65536,256,28,4,1,1,0,14.847458362579346
65536,256,28,4,1,1,0,14.87960398197174
65536,256,28,4,1,1,0,15.25815612077713
65536,256,28,4,1,1,0,15.432521104812622
65536,256,28,4,1,1,0,15.670085072517395
65536,512,7,4,0,0,0,3.2133989334106445
65536,512,7,4,0,0,0,3.2339099049568176
65536,512,7,4,0,0,0,3.3270323872566223
65536,512,7,4,0,0,0,3.3485282957553864
65536,512,7,4,0,0,0,3.35239577293396
65536,512,7,4,0,0,0,3.3598515391349792
65536,512,7,4,0,0,0,3.3627511262893677
65536,512,7,4,0,0,0,3.4080671072006226
65536,512,7,4,0,0,0,3.4214732348918915
65536,512,7,4,0,0,0,3.515244722366333
65536,512,7,4,0,0,0,3.566512495279312
65536,512,7,4,0,0,0,3.5979541540145874
65536,512,7,4,0,0,0,3.6874348521232605
65536,512,7,4,0,0,0,3.793019026517868
65536,512,7,4,0,0,0,3.8988180458545685
65536,512,7,4,0,0,0,3.930437058210373
65536,512,7,4,0,0,0,3.9963839650154114
65536,512,7,4,0,0,0,4.037036120891571
65536,512,7,4,0,0,0,4.1316806972026825
65536,512,7,4,0,0,0,4.342240333557129
65536,512,7,4,0,1,0,3.2752963304519653
65536,512,7,4,0,1,0,3.3215293288230896
65536,512,7,4,0,1,0,3.3315293192863464
65536,512,7,4,0,1,0,3.3534263968467712
65536,512,7,4,0,1,0,3.3556002974510193
65536,512,7,4,0,1,0,3.3605072498321533
65536,512,7,4,0,1,0,3.3620581924915314
65536,512,7,4,0,1,0,3.3626471161842346
65536,512,7,4,0,1,0,3.379733383655548
65536,512,7,4,0,1,0,3.385841518640518
65536,512,7,4,0,1,0,3.3904038965702057
65536,512,7,4,0,1,0,3.39967942237854
65536,512,7,4,0,1,0,3.4655167758464813
65536,512,7,4,0,1,0,3.512451708316803
65536,512,7,4,0,1,0,3.5266664624214172
65536,512,7,4,0,1,0,3.6369355022907257
65536,512,7,4,0,1,0,3.6988618075847626
65536,512,7,4,0,1,0,3.9317885041236877
65536,512,7,4,0,1,0,4.061215817928314
65536,512,7,4,0,1,0,4.101932525634766
65536,512,7,4,1,0,0,3.2864882349967957
65536,512,7,4,1,0,0,3.320276290178299
65536,512,7,4,1,0,0,3.339385896921158
65536,512,7,4,1,0,0,3.36688232421875
65536,512,7,4,1,0,0,3.4006611108779907
65536,512,7,4,1,0,0,3.400798976421356
65536,512,7,4,1,0,0,3.407080501317978
65536,512,7,4,1,0,0,3.4098309874534607
65536,512,7,4,1,0,0,3.4105097353458405
65536,512,7,4,1,0,0,3.4265975654125214
65536,512,7,4,1,0,0,3.4333012402057648
65536,512,7,4,1,0,0,3.4377043545246124
65536,512,7,4,1,0,0,3.454330652952194
65536,512,7,4,1,0,0,3.462030917406082
65536,512,7,4,1,0,0,3.4957604706287384
65536,512,7,4,1,0,0,3.9611432254314423
65536,512,7,4,1,0,0,3.9841415882110596
65536,512,7,4,1,0,0,4.009884804487228
65536,512,7,4,1,0,0,4.013913005590439
65536,512,7,4,1,0,0,4.253429114818573
65536,512,7,4,1,1,0,3.2680417597293854
65536,512,7,4,1,1,0,3.381919115781784
65536,512,7,4,1,1,0,3.387922614812851
65536,512,7,4,1,1,0,3.396486610174179
65536,512,7,4,1,1,0,3.3977626860141754
65536,512,7,4,1,1,0,3.412333756685257
65536,512,7,4,1,1,0,3.4303093254566193
65536,512,7,4,1,1,0,3.43564173579216
65536,512,7,4,1,1,0,3.439127415418625
65536,512,7,4,1,1,0,3.441152960062027
65536,512,7,4,1,1,0,3.443218559026718
65536,512,7,4,1,1,0,3.449575573205948
65536,512,7,4,1,1,0,3.466867446899414
65536,512,7,4,1,1,0,3.538416773080826
65536,512,7,4,1,1,0,3.9969220757484436
65536,512,7,4,1,1,0,4.084727853536606
65536,512,7,4,1,1,0,4.132988691329956
65536,512,7,4,1,1,0,4.16905951499939
65536,512,7,4,1,1,0,4.217409729957581
65536,512,7,4,1,1,0,4.349348932504654
131072,256,28,4,0,0,0,13.082770466804504
131072,256,28,4,0,0,0,13.184837490320206
131072,256,28,4,0,0,0,13.201270014047623
131072,256,28,4,0,0,0,13.229141920804977
131072,256,28,4,0,0,0,13.238827258348465
131072,256,28,4,0,0,0,13.5971859395504
131072,256,28,4,0,0,0,13.650127917528152
131072,256,28,4,0,0,0,13.72817862033844
131072,256,28,4,0,0,0,13.756022810935974
131072,256,28,4,0,0,0,13.798141896724701
131072,256,28,4,0,0,0,13.851455807685852
131072,256,28,4,0,0,0,13.935561448335648
131072,256,28,4,0,0,0,14.083840191364288
131072,256,28,4,0,0,0,14.10797181725502
131072,256,28,4,0,0,0,14.366258710622787
131072,256,28,4,0,0,0,14.576724737882614
131072,256,28,4,0,0,0,14.679146647453308
131072,256,28,4,0,0,0,14.684847593307495
131072,256,28,4,0,0,0,14.759916841983795
131072,256,28,4,0,0,0,15.00258880853653
131072,256,28,4,0,1,0,12.787578403949738
131072,256,28,4,0,1,0,13.161477148532867
131072,256,28,4,0,1,0,13.312257051467896
131072,256,28,4,0,1,0,13.437357902526855
131072,256,28,4,0,1,0,13.453248620033264
131072,256,28,4,0,1,0,13.482383608818054
131072,256,28,4,0,1,0,13.542206197977066
131072,256,28,4,0,1,0,13.5484239757061
131072,256,28,4,0,1,0,13.603258669376373
131072,256,28,4,0,1,0,13.805938363075256
131072,256,28,4,0,1,0,13.857375621795654
131072,256,28,4,0,1,0,13.895260155200958
131072,256,28,4,0,1,0,13.91580668091774
131072,256,28,4,0,1,0,13.916304051876068
131072,256,28,4,0,1,0,13.925920337438583
131072,256,28,4,0,1,0,13.936815023422241
131072,256,28,4,0,1,0,14.20553132891655
131072,256,28,4,0,1,0,14.49201363325119
131072,256,28,4,0,1,0,14.687292158603668
131072,256,28,4,0,1,0,14.716584295034409
131072,256,28,4,1,0,0,12.239306032657623
131072,256,28,4,1,0,0,12.432794958353043
131072,256,28,4,1,0,0,12.529064148664474
131072,256,28,4,1,0,0,12.622006088495255
131072,256,28,4,1,0,0,12.6230508685112
131072,256,28,4,1,0,0,12.680284887552261
131072,256,28,4,1,0,0,12.83932626247406
131072,256,28,4,1,0,0,12.94837799668312
131072,256,28,4,1,0,0,12.99570545554161
131072,256,28,4,1,0,0,13.12879753112793
131072,256,28,4,1,0,0,13.174599915742874
131072,256,28,4,1,0,0,13.187969028949738
131072,256,28,4,1,0,0,13.299260824918747
131072,256,28,4,1,0,0,13.617275983095169
131072,256,28,4,1,0,0,13.627676397562027
131072,256,28,4,1,0,0,13.901105016469955
131072,256,28,4,1,0,0,13.971649557352066
131072,256,28,4,1,0,0,14.021245658397675
131072,256,28,4,1,0,0,14.041589379310608
131072,256,28,4,1,0,0,14.08431813120842
131072,256,28,4,1,1,0,11.83891749382019
131072,256,28,4,1,1,0,12.21642404794693
131072,256,28,4,1,1,0,12.407786160707474
131072,256,28,4,1,1,0,12.408056437969208
131072,256,28,4,1,1,0,12.708434611558914
131072,256,28,4,1,1,0,12.710018813610077
131072,256,28,4,1,1,0,12.83010396361351
131072,256,28,4,1,1,0,12.905664384365082
131072,256,28,4,1,1,0,12.931879431009293
131072,256,28,4,1,1,0,12.973585188388824
131072,256,28,4,1,1,0,13.029941082000732
131072,256,28,4,1,1,0,13.105928659439087
131072,256,28,4,1,1,0,13.141936868429184
131072,256,28,4,1,1,0,13.144519418478012
131072,256,28,4,1,1,0,13.145602196455002
131072,256,28,4,1,1,0,13.665457040071487
131072,256,28,4,1,1,0,13.72743234038353
131072,256,28,4,1,1,0,13.728144019842148
131072,256,28,4,1,1,0,13.843841791152954
131072,256,28,4,1,1,0,14.02383628487587
131072,512,7,4,0,0,0,2.2182881236076355
131072,512,7,4,0,0,0,2.284905105829239
131072,512,7,4,0,0,0,2.290436938405037
131072,512,7,4,0,0,0,2.291454166173935
131072,512,7,4,0,0,0,2.2934041023254395
131072,512,7,4,0,0,0,2.3088659048080444
131072,512,7,4,0,0,0,2.312749460339546
131072,512,7,4,0,0,0,2.427108511328697
131072,512,7,4,0,0,0,2.4390945583581924
131072,512,7,4,0,0,0,2.487941563129425
131072,512,7,4,0,0,0,2.510791137814522
131072,512,7,4,0,0,0,2.5432612001895905
131072,512,7,4,0,0,0,2.635157495737076
131072,512,7,4,0,0,0,2.673969194293022
131072,512,7,4,0,0,0,2.684257909655571
131072,512,7,4,0,0,0,2.7849688827991486
131072,512,7,4,0,0,0,2.81163527071476
131072,512,7,4,0,0,0,2.811753213405609
131072,512,7,4,0,0,0,2.854985237121582
131072,512,7,4,0,0,0,3.227038264274597
131072,512,7,4,0,1,0,2.290204182267189
131072,512,7,4,0,1,0,2.2967813462018967
131072,512,7,4,0,1,0,2.301227957010269
131072,512,7,4,0,1,0,2.3036675453186035
131072,512,7,4,0,1,0,2.3149951845407486
131072,512,7,4,0,1,0,2.315576806664467
131072,512,7,4,0,1,0,2.3157889544963837
131072,512,7,4,0,1,0,2.3213811069726944
131072,512,7,4,0,1,0,2.3282826095819473
131072,512,7,4,0,1,0,2.352191463112831
131072,512,7,4,0,1,0,2.3557166904211044
131072,512,7,4,0,1,0,2.365534871816635
131072,512,7,4,0,1,0,2.4197435826063156
131072,512,7,4,0,1,0,2.4256277680397034
131072,512,7,4,0,1,0,2.452085092663765
131072,512,7,4,0,1,0,2.48630253970623
131072,512,7,4,0,1,0,2.6301394253969193
131072,512,7,4,0,1,0,2.655607134103775
131072,512,7,4,0,1,0,2.661031648516655
131072,512,7,4,0,1,0,2.8082444965839386
131072,512,7,4,1,0,0,2.2872849702835083
131072,512,7,4,1,0,0,2.3003901541233063
131072,512,7,4,1,0,0,2.3162401914596558
131072,512,7,4,1,0,0,2.319504603743553
131072,512,7,4,1,0,0,2.3249593377113342
131072,512,7,4,1,0,0,2.330387234687805
131072,512,7,4,1,0,0,2.3376559168100357
131072,512,7,4,1,0,0,2.345898777246475
131072,512,7,4,1,0,0,2.350927844643593
131072,512,7,4,1,0,0,2.3852569609880447
131072,512,7,4,1,0,0,2.496649220585823
131072,512,7,4,1,0,0,2.6165944188833237
131072,512,7,4,1,0,0,2.6519527435302734
131072,512,7,4,1,0,0,2.7017335444688797
131072,512,7,4,1,0,0,2.7100111544132233
131072,512,7,4,1,0,0,2.7220983505249023
131072,512,7,4,1,0,0,2.732271760702133
131072,512,7,4,1,0,0,2.7548275738954544
131072,512,7,4,1,0,0,2.835548147559166
131072,512,7,4,1,0,0,2.9167792946100235
131072,512,7,4,1,1,0,2.2307835817337036
131072,512,7,4,1,1,0,2.237893119454384
131072,512,7,4,1,1,0,2.264658361673355
131072,512,7,4,1,1,0,2.2878815829753876
131072,512,7,4,1,1,0,2.308377265930176
131072,512,7,4,1,1,0,2.3153272420167923
131072,512,7,4,1,1,0,2.3179281502962112
131072,512,7,4,1,1,0,2.3184699565172195
131072,512,7,4,1,1,0,2.3260704427957535
131072,512,7,4,1,1,0,2.326250836253166
131072,512,7,4,1,1,0,2.33106330037117
131072,512,7,4,1,1,0,2.3432644456624985
131072,512,7,4,1,1,0,2.398385465145111
131072,512,7,4,1,1,0,2.6266371607780457
131072,512,7,4,1,1,0,2.645323947072029
131072,512,7,4,1,1,0,2.6800565272569656
131072,512,7,4,1,1,0,2.786440148949623
131072,512,7,4,1,1,0,2.8010355681180954
131072,512,7,4,1,1,0,2.931575819849968
131072,512,7,4,1,1,0,3.243291288614273
262144,256,28,4,0,0,0,10.903128415346146
262144,256,28,4,0,0,0,11.05025601387024
262144,256,28,4,0,0,0,11.112782165408134
262144,256,28,4,0,0,0,11.20097391307354
262144,256,28,4,0,0,0,11.312059983611107
262144,256,28,4,0,0,0,11.312634825706482
262144,256,28,4,0,0,0,11.352163225412369
262144,256,28,4,0,0,0,11.384243294596672
262144,256,28,4,0,0,0,11.505242317914963
262144,256,28,4,0,0,0,11.516646802425385
262144,256,28,4,0,0,0,11.604907795786858
262144,256,28,4,0,0,0,11.637431681156158
262144,256,28,4,0,0,0,11.657904714345932
262144,256,28,4,0,0,0,11.70463091135025
262144,256,28,4,0,0,0,11.80482503771782
262144,256,28,4,0,0,0,11.943408697843552
262144,256,28,4,0,0,0,11.965309664607048
262144,256,28,4,0,0,0,12.236026033759117
262144,256,28,4,0,0,0,12.277963548898697
262144,256,28,4,0,0,0,12.360004022717476
262144,256,28,4,0,1,0,10.970209270715714
262144,256,28,4,0,1,0,11.033916592597961
262144,256,28,4,0,1,0,11.066208004951477
262144,256,28,4,0,1,0,11.068742290139198
262144,256,28,4,0,1,0,11.096425712108612
262144,256,28,4,0,1,0,11.169628262519836
262144,256,28,4,0,1,0,11.197532325983047
262144,256,28,4,0,1,0,11.213733047246933
262144,256,28,4,0,1,0,11.22194916009903
262144,256,28,4,0,1,0,11.225978881120682
262144,256,28,4,0,1,0,11.401549220085144
262144,256,28,4,0,1,0,11.415767922997475
262144,256,28,4,0,1,0,11.463869974017143
262144,256,28,4,0,1,0,11.559896275401115
262144,256,28,4,0,1,0,11.67436520755291
262144,256,28,4,0,1,0,11.950491681694984
262144,256,28,4,0,1,0,11.989660412073135
262144,256,28,4,0,1,0,12.052604705095291
262144,256,28,4,0,1,0,12.067048847675323
262144,256,28,4,0,1,0,12.09411996603012
262144,256,28,4,1,0,0,10.17420969903469
262144,256,28,4,1,0,0,10.410404175519943
262144,256,28,4,1,0,0,10.53272059559822
262144,256,28,4,1,0,0,10.536722421646118
262144,256,28,4,1,0,0,10.546467736363411
262144,256,28,4,1,0,0,10.911602020263672
262144,256,28,4,1,0,0,10.917471215128899
262144,256,28,4,1,0,0,11.110500440001488
262144,256,28,4,1,0,0,11.131583467125893
262144,256,28,4,1,0,0,11.139542579650879
262144,256,28,4,1,0,0,11.19663092494011
262144,256,28,4,1,0,0,11.2185670286417
262144,256,28,4,1,0,0,11.230010017752647
262144,256,28,4,1,0,0,11.231970861554146
262144,256,28,4,1,0,0,11.29599104821682
262144,256,28,4,1,0,0,11.298519924283028
262144,256,28,4,1,0,0,11.446022748947144
262144,256,28,4,1,0,0,11.466593474149704
262144,256,28,4,1,0,0,11.483579620718956
262144,256,28,4,1,0,0,11.872315600514412
262144,256,28,4,1,1,0,10.296226382255554
262144,256,28,4,1,1,0,10.580217570066452
262144,256,28,4,1,1,0,10.582279860973358
262144,256,28,4,1,1,0,10.69914174079895
262144,256,28,4,1,1,0,10.738308519124985
262144,256,28,4,1,1,0,10.767797663807869
262144,256,28,4,1,1,0,10.775529876351357
262144,256,28,4,1,1,0,10.81075219810009
262144,256,28,4,1,1,0,10.911198228597641
262144,256,28,4,1,1,0,10.976265579462051
262144,256,28,4,1,1,0,10.998232260346413
262144,256,28,4,1,1,0,11.020278230309486
262144,256,28,4,1,1,0,11.121386274695396
262144,256,28,4,1,1,0,11.242653533816338
262144,256,28,4,1,1,0,11.288698747754097
262144,256,28,4,1,1,0,11.407859310507774
262144,256,28,4,1,1,0,11.431486755609512
262144,256,28,4,1,1,0,11.453893542289734
262144,256,28,4,1,1,0,11.48217923939228
262144,256,28,4,1,1,0,11.938055530190468
262144,512,7,4,0,0,0,1.7655768916010857
262144,512,7,4,0,0,0,1.7671887502074242
262144,512,7,4,0,0,0,1.7723904848098755
262144,512,7,4,0,0,0,1.7737113982439041
262144,512,7,4,0,0,0,1.7894885763525963
262144,512,7,4,0,0,0,1.7978684604167938
262144,512,7,4,0,0,0,1.803699716925621
262144,512,7,4,0,0,0,1.8084302172064781
262144,512,7,4,0,0,0,1.8200468719005585
262144,512,7,4,0,0,0,1.8235851302742958
262144,512,7,4,0,0,0,1.8554711118340492
262144,512,7,4,0,0,0,1.8605823293328285
262144,512,7,4,0,0,0,1.8934397622942924
262144,512,7,4,0,0,0,1.9854618310928345
262144,512,7,4,0,0,0,1.9864592626690865
262144,512,7,4,0,0,0,2.044987052679062
262144,512,7,4,0,0,0,2.066531352698803
262144,512,7,4,0,0,0,2.0737398266792297
262144,512,7,4,0,0,0,2.1733164563775063
262144,512,7,4,0,0,0,2.252281203866005
262144,512,7,4,0,1,0,1.7733067497611046
262144,512,7,4,0,1,0,1.7775736674666405
262144,512,7,4,0,1,0,1.794120728969574
262144,512,7,4,0,1,0,1.7958438247442245
262144,512,7,4,0,1,0,1.7959207221865654
262144,512,7,4,0,1,0,1.7993014827370644
262144,512,7,4,0,1,0,1.800057590007782
262144,512,7,4,0,1,0,1.8014142289757729
262144,512,7,4,0,1,0,1.8167541325092316
262144,512,7,4,0,1,0,1.8576857298612595
262144,512,7,4,0,1,0,1.8903246000409126
262144,512,7,4,0,1,0,1.961416132748127
262144,512,7,4,0,1,0,1.972126230597496
262144,512,7,4,0,1,0,1.9735499024391174
262144,512,7,4,0,1,0,2.0173133835196495
262144,512,7,4,0,1,0,2.018035367131233
262144,512,7,4,0,1,0,2.0185827761888504
262144,512,7,4,0,1,0,2.036899007856846
262144,512,7,4,0,1,0,2.124510072171688
262144,512,7,4,0,1,0,2.25210377573967
262144,512,7,4,1,0,0,1.748759463429451
262144,512,7,4,1,0,0,1.7500708997249603
262144,512,7,4,1,0,0,1.7714813873171806
262144,512,7,4,1,0,0,1.7730286344885826
262144,512,7,4,1,0,0,1.7779920473694801
262144,512,7,4,1,0,0,1.7837547212839127
262144,512,7,4,1,0,0,1.8137158155441284
262144,512,7,4,1,0,0,1.8608419299125671
262144,512,7,4,1,0,0,1.8847775235772133
262144,512,7,4,1,0,0,1.9271580129861832
262144,512,7,4,1,0,0,1.9455274119973183
262144,512,7,4,1,0,0,1.962277315557003
262144,512,7,4,1,0,0,1.9660923331975937
262144,512,7,4,1,0,0,2.015659712255001
262144,512,7,4,1,0,0,2.027150586247444
262144,512,7,4,1,0,0,2.033291906118393
262144,512,7,4,1,0,0,2.0337603017687798
262144,512,7,4,1,0,0,2.0773389786481857
262144,512,7,4,1,0,0,2.139877773821354
262144,512,7,4,1,0,0,2.2815238162875175
262144,512,7,4,1,1,0,1.7552023828029633
262144,512,7,4,1,1,0,1.7881712689995766
262144,512,7,4,1,1,0,1.789925716817379
262144,512,7,4,1,1,0,1.8024742305278778
262144,512,7,4,1,1,0,1.8051117956638336
262144,512,7,4,1,1,0,1.8183006793260574
262144,512,7,4,1,1,0,1.8233726546168327
262144,512,7,4,1,1,0,1.8243841752409935
262144,512,7,4,1,1,0,1.840658277273178
262144,512,7,4,1,1,0,1.8444845229387283
262144,512,7,4,1,1,0,1.935631863772869
262144,512,7,4,1,1,0,1.9599877372384071
262144,512,7,4,1,1,0,2.0163144916296005
262144,512,7,4,1,1,0,2.0304428413510323
262144,512,7,4,1,1,0,2.0356504917144775
262144,512,7,4,1,1,0,2.046323597431183
262144,512,7,4,1,1,0,2.1179405748844147
262144,512,7,4,1,1,0,2.141436643898487
262144,512,7,4,1,1,0,2.2171776816248894
262144,512,7,4,1,1,0,2.241042248904705
524288,256,28,4,0,0,0,9.819429218769073
524288,256,28,4,0,0,0,9.955825455486774
524288,256,28,4,0,0,0,9.966392815113068
524288,256,28,4,0,0,0,10.053276099264622
524288,256,28,4,0,0,0,10.05927537381649
524288,256,28,4,0,0,0,10.083329185843468
524288,256,28,4,0,0,0,10.091718830168247
524288,256,28,4,0,0,0,10.09506269544363
524288,256,28,4,0,0,0,10.116642460227013
524288,256,28,4,0,0,0,10.137471243739128
524288,256,28,4,0,0,0,10.174082830548286
524288,256,28,4,0,0,0,10.18360522389412
524288,256,28,4,0,0,0,10.185643181204796
524288,256,28,4,0,0,0,10.259854197502136
524288,256,28,4,0,0,0,10.291892252862453
524288,256,28,4,0,0,0,10.346358895301819
524288,256,28,4,0,0,0,10.348837025463581
524288,256,28,4,0,0,0,10.434920229017735
524288,256,28,4,0,0,0,10.437658227980137
524288,256,28,4,0,0,0,10.467846684157848
524288,256,28,4,0,1,0,9.854788355529308
524288,256,28,4,0,1,0,9.939069077372551
524288,256,28,4,0,1,0,10.010498374700546
524288,256,28,4,0,1,0,10.052310071885586
524288,256,28,4,0,1,0,10.059088207781315
524288,256,28,4,0,1,0,10.08054856210947
524288,256,28,4,0,1,0,10.11787562072277
524288,256,28,4,0,1,0,10.137869372963905
524288,256,28,4,0,1,0,10.147778920829296
524288,256,28,4,0,1,0,10.178049445152283
524288,256,28,4,0,1,0,10.179909117519855
524288,256,28,4,0,1,0,10.196703426539898
524288,256,28,4,0,1,0,10.27664665877819
524288,256,28,4,0,1,0,10.279781386256218
524288,256,28,4,0,1,0,10.302857406437397
524288,256,28,4,0,1,0,10.304986320436
524288,256,28,4,0,1,0,10.305261678993702
524288,256,28,4,0,1,0,10.376797936856747
524288,256,28,4,0,1,0,10.410780251026154
524288,256,28,4,0,1,0,10.420419551432133
524288,256,28,4,1,0,0,9.467481009662151
524288,256,28,4,1,0,0,9.532456398010254
524288,256,28,4,1,0,0,9.537968747317791
524288,256,28,4,1,0,0,9.56896661221981
524288,256,28,4,1,0,0,9.572412520647049
524288,256,28,4,1,0,0,9.586768761277199
524288,256,28,4,1,0,0,9.74849183857441
524288,256,28,4,1,0,0,9.761116430163383
524288,256,28,4,1,0,0,9.76192131638527
524288,256,28,4,1,0,0,9.765251725912094
524288,256,28,4,1,0,0,9.834570661187172
524288,256,28,4,1,0,0,9.851103462278843
524288,256,28,4,1,0,0,9.887711338698864
524288,256,28,4,1,0,0,9.937107168138027
524288,256,28,4,1,0,0,9.956381909549236
524288,256,28,4,1,0,0,9.97845870256424
524288,256,28,4,1,0,0,9.99437477439642
524288,256,28,4,1,0,0,10.017900727689266
524288,256,28,4,1,0,0,10.020992659032345
524288,256,28,4,1,0,0,10.118358336389065
524288,256,28,4,1,1,0,9.382895931601524
524288,256,28,4,1,1,0,9.50225455313921
524288,256,28,4,1,1,0,9.507702820003033
524288,256,28,4,1,1,0,9.509746365249157
524288,256,28,4,1,1,0,9.56987078487873
524288,256,28,4,1,1,0,9.652065828442574
524288,256,28,4,1,1,0,9.664118684828281
524288,256,28,4,1,1,0,9.687977328896523
524288,256,28,4,1,1,0,9.695298336446285
524288,256,28,4,1,1,0,9.77767013758421
524288,256,28,4,1,1,0,9.795124530792236
524288,256,28,4,1,1,0,9.819280803203583
524288,256,28,4,1,1,0,9.82106826454401
524288,256,28,4,1,1,0,9.937980189919472
524288,256,28,4,1,1,0,9.95505204051733
524288,256,28,4,1,1,0,9.965276770293713
524288,256,28,4,1,1,0,10.001422084867954
524288,256,28,4,1,1,0,10.037906020879745
524288,256,28,4,1,1,0,10.049760326743126
524288,256,28,4,1,1,0,10.072586685419083
524288,512,7,4,0,0,0,2.2067578621208668
524288,512,7,4,0,0,0,2.245558112859726
524288,512,7,4,0,0,0,2.248873122036457
524288,512,7,4,0,0,0,2.260626260191202
524288,512,7,4,0,0,0,2.277038834989071
524288,512,7,4,0,0,0,2.277061704546213
524288,512,7,4,0,0,0,2.2828073874115944
524288,512,7,4,0,0,0,2.287714660167694
524288,512,7,4,0,0,0,2.2969409078359604
524288,512,7,4,0,0,0,2.303096789866686
524288,512,7,4,0,0,0,2.3193630427122116
524288,512,7,4,0,0,0,2.380077876150608
524288,512,7,4,0,0,0,2.384016152471304
524288,512,7,4,0,0,0,2.3860909081995487
524288,512,7,4,0,0,0,2.399134699255228
524288,512,7,4,0,0,0,2.4166316464543343
524288,512,7,4,0,0,0,2.4194322787225246
524288,512,7,4,0,0,0,2.4601496644318104
524288,512,7,4,0,0,0,2.466975301504135
524288,512,7,4,0,0,0,2.4901598542928696
524288,512,7,4,0,1,0,2.2371550798416138
524288,512,7,4,0,1,0,2.240121603012085
524288,512,7,4,0,1,0,2.2446017302572727
524288,512,7,4,0,1,0,2.253575261682272
524288,512,7,4,0,1,0,2.255409147590399
524288,512,7,4,0,1,0,2.26446583122015
524288,512,7,4,0,1,0,2.2720744609832764
524288,512,7,4,0,1,0,2.2745611146092415
524288,512,7,4,0,1,0,2.2812418043613434
524288,512,7,4,0,1,0,2.284956954419613
524288,512,7,4,0,1,0,2.2876371406018734
524288,512,7,4,0,1,0,2.332033511251211
524288,512,7,4,0,1,0,2.3416590057313442
524288,512,7,4,0,1,0,2.3522317484021187
524288,512,7,4,0,1,0,2.3610379099845886
524288,512,7,4,0,1,0,2.3741204738616943
524288,512,7,4,0,1,0,2.376436624675989
524288,512,7,4,0,1,0,2.4026696160435677
524288,512,7,4,0,1,0,2.425342310220003
524288,512,7,4,0,1,0,2.5097190216183662
524288,512,7,4,1,0,0,2.113609716296196
524288,512,7,4,1,0,0,2.1252995133399963
524288,512,7,4,1,0,0,2.1596203707158566
524288,512,7,4,1,0,0,2.166386231780052
524288,512,7,4,1,0,0,2.2010945454239845
524288,512,7,4,1,0,0,2.2096521966159344
524288,512,7,4,1,0,0,2.2205610498785973
524288,512,7,4,1,0,0,2.229937009513378
524288,512,7,4,1,0,0,2.246039628982544
524288,512,7,4,1,0,0,2.255589794367552
524288,512,7,4,1,0,0,2.256371945142746
524288,512,7,4,1,0,0,2.2657736986875534
524288,512,7,4,1,0,0,2.2785257063806057
524288,512,7,4,1,0,0,2.300534587353468
524288,512,7,4,1,0,0,2.3231174275279045
524288,512,7,4,1,0,0,2.3305210657417774
524288,512,7,4,1,0,0,2.339592169970274
524288,512,7,4,1,0,0,2.345150925219059
524288,512,7,4,1,0,0,2.383261825889349
524288,512,7,4,1,0,0,2.4540959000587463
524288,512,7,4,1,1,0,2.123467706143856
524288,512,7,4,1,1,0,2.129069682210684
524288,512,7,4,1,1,0,2.1620308868587017
524288,512,7,4,1,1,0,2.1919641457498074
524288,512,7,4,1,1,0,2.197659056633711
524288,512,7,4,1,1,0,2.199612282216549
524288,512,7,4,1,1,0,2.2025783210992813
524288,512,7,4,1,1,0,2.2187785543501377
524288,512,7,4,1,1,0,2.2207547277212143
524288,512,7,4,1,1,0,2.2208790481090546
524288,512,7,4,1,1,0,2.2529121451079845
524288,512,7,4,1,1,0,2.2805243730545044
524288,512,7,4,1,1,0,2.320335704833269
524288,512,7,4,1,1,0,2.3227728717029095
524288,512,7,4,1,1,0,2.3339046873152256
524288,512,7,4,1,1,0,2.3351071067154408
524288,512,7,4,1,1,0,2.3369784243404865
524288,512,7,4,1,1,0,2.363602563738823
524288,512,7,4,1,1,0,2.3834100253880024
524288,512,7,4,1,1,0,2.43203329667449
1048576,256,28,4,0,0,0,9.198674522340298
1048576,256,28,4,0,0,0,9.37698881700635
1048576,256,28,4,0,0,0,9.464852176606655
1048576,256,28,4,0,0,0,9.474220097064972
1048576,256,28,4,0,0,0,9.476515512913465
1048576,256,28,4,0,0,0,9.48233226686716
1048576,256,28,4,0,0,0,9.509142894297838
1048576,256,28,4,0,0,0,9.543396525084972
1048576,256,28,4,0,0,0,9.550257187336683
1048576,256,28,4,0,0,0,9.555507186800241
1048576,256,28,4,0,0,0,9.576735656708479
1048576,256,28,4,0,0,0,9.57783317938447
1048576,256,28,4,0,0,0,9.64162066578865
1048576,256,28,4,0,0,0,9.648182652890682
1048576,256,28,4,0,0,0,9.650283847004175
1048576,256,28,4,0,0,0,9.65085780620575
1048576,256,28,4,0,0,0,9.75892961397767
1048576,256,28,4,0,0,0,9.78762773424387
1048576,256,28,4,0,0,0,9.804721560329199
1048576,256,28,4,0,0,0,9.899299923330545
1048576,256,28,4,0,1,0,9.263194635510445
1048576,256,28,4,0,1,0,9.4078812263906
1048576,256,28,4,0,1,0,9.427463617175817
1048576,256,28,4,0,1,0,9.453545421361923
1048576,256,28,4,0,1,0,9.47204727306962
1048576,256,28,4,0,1,0,9.473093695938587
1048576,256,28,4,0,1,0,9.485227830708027
1048576,256,28,4,0,1,0,9.507113687694073
1048576,256,28,4,0,1,0,9.528041269630194
1048576,256,28,4,0,1,0,9.53632229194045
1048576,256,28,4,0,1,0,9.54595472663641
1048576,256,28,4,0,1,0,9.554945837706327
1048576,256,28,4,0,1,0,9.569127518683672
1048576,256,28,4,0,1,0,9.58704100176692
1048576,256,28,4,0,1,0,9.590963680297136
1048576,256,28,4,0,1,0,9.592552356421947
1048576,256,28,4,0,1,0,9.696199551224709
1048576,256,28,4,0,1,0,9.740351237356663
1048576,256,28,4,0,1,0,9.742646094411612
1048576,256,28,4,0,1,0,9.830590728670359
1048576,256,28,4,1,0,0,8.803706340491772
1048576,256,28,4,1,0,0,9.114018119871616
1048576,256,28,4,1,0,0,9.138503968715668
1048576,256,28,4,1,0,0,9.153846647590399
1048576,256,28,4,1,0,0,9.16235126927495
1048576,256,28,4,1,0,0,9.176708716899157
1048576,256,28,4,1,0,0,9.200252819806337
1048576,256,28,4,1,0,0,9.210495058447123
1048576,256,28,4,1,0,0,9.215396769344807
1048576,256,28,4,1,0,0,9.229070045053959
1048576,256,28,4,1,0,0,9.239805821329355
1048576,256,28,4,1,0,0,9.249899793416262
1048576,256,28,4,1,0,0,9.276723057031631
1048576,256,28,4,1,0,0,9.323069270700216
1048576,256,28,4,1,0,0,9.393960978835821
1048576,256,28,4,1,0,0,9.398040756583214
1048576,256,28,4,1,0,0,9.449241895228624
1048576,256,28,4,1,0,0,9.461036827415228
1048576,256,28,4,1,0,0,9.505971677601337
1048576,256,28,4,1,0,0,9.551857683807611
1048576,256,28,4,1,1,0,8.94675237312913
1048576,256,28,4,1,1,0,9.090696759521961
1048576,256,28,4,1,1,0,9.107163988053799
1048576,256,28,4,1,1,0,9.139217011630535
1048576,256,28,4,1,1,0,9.163144793361425
1048576,256,28,4,1,1,0,9.163927976042032
1048576,256,28,4,1,1,0,9.207750774919987
1048576,256,28,4,1,1,0,9.21099592000246
1048576,256,28,4,1,1,0,9.21734081953764
1048576,256,28,4,1,1,0,9.249903284013271
1048576,256,28,4,1,1,0,9.263416953384876
1048576,256,28,4,1,1,0,9.310722813010216
1048576,256,28,4,1,1,0,9.317727468907833
1048576,256,28,4,1,1,0,9.321430798619986
1048576,256,28,4,1,1,0,9.326990600675344
1048576,256,28,4,1,1,0,9.344525471329689
1048576,256,28,4,1,1,0,9.434000693261623
1048576,256,28,4,1,1,0,9.528522588312626
1048576,256,28,4,1,1,0,9.56246692314744
1048576,256,28,4,1,1,0,9.617893114686012
1048576,512,7,4,0,0,0,2.284667145460844
1048576,512,7,4,0,0,0,2.291269803419709
1048576,512,7,4,0,0,0,2.324553407728672
1048576,512,7,4,0,0,0,2.3258313983678818
1048576,512,7,4,0,0,0,2.33214096352458
1048576,512,7,4,0,0,0,2.3331087678670883
1048576,512,7,4,0,0,0,2.3562881890684366
1048576,512,7,4,0,0,0,2.3586932606995106
1048576,512,7,4,0,0,0,2.361259914934635
1048576,512,7,4,0,0,0,2.362617891281843
1048576,512,7,4,0,0,0,2.380455207079649
1048576,512,7,4,0,0,0,2.3836500998586416
1048576,512,7,4,0,0,0,2.387904705479741
1048576,512,7,4,0,0,0,2.391699869185686
1048576,512,7,4,0,0,0,2.399529429152608
1048576,512,7,4,0,0,0,2.4090251233428717
1048576,512,7,4,0,0,0,2.4130886755883694
1048576,512,7,4,0,0,0,2.430438792333007
1048576,512,7,4,0,0,0,2.4375886768102646
1048576,512,7,4,0,0,0,2.4661578461527824
1048576,512,7,4,0,1,0,2.2636585012078285
1048576,512,7,4,0,1,0,2.28985139913857
1048576,512,7,4,0,1,0,2.2917587477713823
1048576,512,7,4,0,1,0,2.302977940067649
1048576,512,7,4,0,1,0,2.311090985313058
1048576,512,7,4,0,1,0,2.3117679711431265
1048576,512,7,4,0,1,0,2.325031854212284
1048576,512,7,4,0,1,0,2.325809510424733
1048576,512,7,4,0,1,0,2.3434887677431107
1048576,512,7,4,0,1,0,2.3435784932225943
1048576,512,7,4,0,1,0,2.353767342865467
1048576,512,7,4,0,1,0,2.365075608715415
1048576,512,7,4,0,1,0,2.383458148688078
1048576,512,7,4,0,1,0,2.388466253876686
1048576,512,7,4,0,1,0,2.3886409029364586
1048576,512,7,4,0,1,0,2.3912095967680216
1048576,512,7,4,0,1,0,2.407368863001466
1048576,512,7,4,0,1,0,2.435090882703662
1048576,512,7,4,0,1,0,2.44517326913774
1048576,512,7,4,0,1,0,2.4940009973943233
1048576,512,7,4,1,0,0,2.257373873144388
1048576,512,7,4,1,0,0,2.2742311358451843
1048576,512,7,4,1,0,0,2.2751646526157856
1048576,512,7,4,1,0,0,2.291103230789304
1048576,512,7,4,1,0,0,2.301112601533532
1048576,512,7,4,1,0,0,2.3146954737603664
1048576,512,7,4,1,0,0,2.314790843054652
1048576,512,7,4,1,0,0,2.316103830933571
1048576,512,7,4,1,0,0,2.3208310287445784
1048576,512,7,4,1,0,0,2.3260508589446545
1048576,512,7,4,1,0,0,2.3339933417737484
1048576,512,7,4,1,0,0,2.3413937836885452
1048576,512,7,4,1,0,0,2.3503445833921432
1048576,512,7,4,1,0,0,2.3549964167177677
1048576,512,7,4,1,0,0,2.3579503521323204
1048576,512,7,4,1,0,0,2.363405104726553
1048576,512,7,4,1,0,0,2.3679861277341843
1048576,512,7,4,1,0,0,2.3734645545482635
1048576,512,7,4,1,0,0,2.4020153041929007
1048576,512,7,4,1,0,0,2.4111727476119995
1048576,512,7,4,1,1,0,2.230041068047285
1048576,512,7,4,1,1,0,2.2383606042712927
1048576,512,7,4,1,1,0,2.2705947440117598
1048576,512,7,4,1,1,0,2.2803575936704874
1048576,512,7,4,1,1,0,2.2810277119278908
1048576,512,7,4,1,1,0,2.3200719356536865
1048576,512,7,4,1,1,0,2.323130063712597
1048576,512,7,4,1,1,0,2.3321232963353395
1048576,512,7,4,1,1,0,2.346631705760956
1048576,512,7,4,1,1,0,2.350429456681013
1048576,512,7,4,1,1,0,2.3580454867333174
1048576,512,7,4,1,1,0,2.3625717908143997
1048576,512,7,4,1,1,0,2.36739787645638
1048576,512,7,4,1,1,0,2.3806356228888035
1048576,512,7,4,1,1,0,2.3997846357524395
1048576,512,7,4,1,1,0,2.400277815759182
1048576,512,7,4,1,1,0,2.4037155210971832
1048576,512,7,4,1,1,0,2.4208282362669706
1048576,512,7,4,1,1,0,2.4330367986112833
1048576,512,7,4,1,1,0,2.4418413061648607
2097152,256,28,4,0,0,0,8.76245054230094
2097152,256,28,4,0,0,0,8.877954939380288
2097152,256,28,4,0,0,0,8.92642099969089
2097152,256,28,4,0,0,0,8.946250839158893
2097152,256,28,4,0,0,0,8.952746495604515
2097152,256,28,4,0,0,0,8.966164711862803
2097152,256,28,4,0,0,0,8.969201432541013
2097152,256,28,4,0,0,0,9.004504349082708
2097152,256,28,4,0,0,0,9.022303760051727
2097152,256,28,4,0,0,0,9.027528584003448
2097152,256,28,4,0,0,0,9.044870199635625
2097152,256,28,4,0,0,0,9.057525670155883
2097152,256,28,4,0,0,0,9.065481105819345
2097152,256,28,4,0,0,0,9.09716697409749
2097152,256,28,4,0,0,0,9.100542411208153
2097152,256,28,4,0,0,0,9.130971062928438
2097152,256,28,4,0,0,0,9.135196065530181
2097152,256,28,4,0,0,0,9.157043857499957
2097152,256,28,4,0,0,0,9.208193521946669
2097152,256,28,4,0,0,0,9.271551296114922
2097152,256,28,4,0,1,0,8.91559006087482
2097152,256,28,4,0,1,0,8.921259060502052
2097152,256,28,4,0,1,0,8.926988890394568
2097152,256,28,4,0,1,0,8.946802949532866
2097152,256,28,4,0,1,0,8.985169617459178
2097152,256,28,4,0,1,0,8.988041380420327
2097152,256,28,4,0,1,0,9.001582946628332
2097152,256,28,4,0,1,0,9.00452839024365
2097152,256,28,4,0,1,0,9.009005855768919
2097152,256,28,4,0,1,0,9.029424468055367
2097152,256,28,4,0,1,0,9.039163874462247
2097152,256,28,4,0,1,0,9.049472838640213
2097152,256,28,4,0,1,0,9.057123720645905
2097152,256,28,4,0,1,0,9.057149956002831
2097152,256,28,4,0,1,0,9.061457999050617
2097152,256,28,4,0,1,0,9.105631532147527
2097152,256,28,4,0,1,0,9.110261116176844
2097152,256,28,4,0,1,0,9.13898878917098
2097152,256,28,4,0,1,0,9.202895876020193
2097152,256,28,4,0,1,0,9.234142126515508
2097152,256,28,4,1,0,0,8.655901385471225
2097152,256,28,4,1,0,0,8.739516189321876
2097152,256,28,4,1,0,0,8.78609991259873
2097152,256,28,4,1,0,0,8.80173066072166
2097152,256,28,4,1,0,0,8.802494553849101
2097152,256,28,4,1,0,0,8.810330137610435
2097152,256,28,4,1,0,0,8.819772126153111
2097152,256,28,4,1,0,0,8.82049954496324
2097152,256,28,4,1,0,0,8.836682125926018
2097152,256,28,4,1,0,0,8.83850683271885
2097152,256,28,4,1,0,0,8.841918520629406
2097152,256,28,4,1,0,0,8.863422971218824
2097152,256,28,4,1,0,0,8.881810702383518
2097152,256,28,4,1,0,0,8.888885108754039
2097152,256,28,4,1,0,0,8.907238267362118
2097152,256,28,4,1,0,0,8.920052973553538
2097152,256,28,4,1,0,0,8.934097392484546
2097152,256,28,4,1,0,0,8.946644203737378
2097152,256,28,4,1,0,0,8.951942885294557
2097152,256,28,4,1,0,0,8.964131509885192
2097152,256,28,4,1,1,0,8.587495842948556
2097152,256,28,4,1,1,0,8.741118781268597
2097152,256,28,4,1,1,0,8.769097618758678
2097152,256,28,4,1,1,0,8.77475269138813
2097152,256,28,4,1,1,0,8.810978112742305
2097152,256,28,4,1,1,0,8.82064512744546
2097152,256,28,4,1,1,0,8.825214747339487
2097152,256,28,4,1,1,0,8.840422708541155
2097152,256,28,4,1,1,0,8.848886866122484
2097152,256,28,4,1,1,0,8.866529641672969
2097152,256,28,4,1,1,0,8.868683248758316
2097152,256,28,4,1,1,0,8.869416002184153
2097152,256,28,4,1,1,0,8.87245188653469
2097152,256,28,4,1,1,0,8.890888964757323
2097152,256,28,4,1,1,0,8.899000942707062
2097152,256,28,4,1,1,0,8.899594256654382
2097152,256,28,4,1,1,0,8.920505991205573
2097152,256,28,4,1,1,0,8.978525873273611
2097152,256,28,4,1,1,0,9.022168897092342
2097152,256,28,4,1,1,0,11.008015962317586
2097152,512,7,4,0,0,0,2.1324031511321664
2097152,512,7,4,0,0,0,2.133998703211546
2097152,512,7,4,0,0,0,2.1410928927361965
2097152,512,7,4,0,0,0,2.1455243192613125
2097152,512,7,4,0,0,0,2.149401817470789
2097152,512,7,4,0,0,0,2.1494831144809723
2097152,512,7,4,0,0,0,2.1502760015428066
2097152,512,7,4,0,0,0,2.1520104808732867
2097152,512,7,4,0,0,0,2.1531229680404067
2097152,512,7,4,0,0,0,2.1572261452674866
2097152,512,7,4,0,0,0,2.166590917855501
2097152,512,7,4,0,0,0,2.168752291239798
2097152,512,7,4,0,0,0,2.1729330038651824
2097152,512,7,4,0,0,0,2.173851485364139
2097152,512,7,4,0,0,0,2.17638953961432
2097152,512,7,4,0,0,0,2.179658882319927
2097152,512,7,4,0,0,0,2.209548301063478
2097152,512,7,4,0,0,0,2.218508302234113
2097152,512,7,4,0,0,0,2.2275211503729224
2097152,512,7,4,0,0,0,2.2336278948932886
2097152,512,7,4,0,1,0,2.123980644159019
2097152,512,7,4,0,1,0,2.1310253655537963
2097152,512,7,4,0,1,0,2.138343964703381
2097152,512,7,4,0,1,0,2.141239669173956
2097152,512,7,4,0,1,0,2.143475598655641
2097152,512,7,4,0,1,0,2.1483653178438544
2097152,512,7,4,0,1,0,2.150585647672415
2097152,512,7,4,0,1,0,2.1541168726980686
2097152,512,7,4,0,1,0,2.160390943288803
2097152,512,7,4,0,1,0,2.1701224679127336
2097152,512,7,4,0,1,0,2.1752129709348083
2097152,512,7,4,0,1,0,2.175802830606699
2097152,512,7,4,0,1,0,2.179562121629715
2097152,512,7,4,0,1,0,2.1798813128843904
2097152,512,7,4,0,1,0,2.183341178111732
2097152,512,7,4,0,1,0,2.1871387884020805
2097152,512,7,4,0,1,0,2.210231847129762
2097152,512,7,4,0,1,0,2.2126861410215497
2097152,512,7,4,0,1,0,2.2337464839220047
2097152,512,7,4,0,1,0,2.2377776466310024
2097152,512,7,4,1,0,0,2.1085660569369793
2097152,512,7,4,1,0,0,2.11305795609951
2097152,512,7,4,1,0,0,2.1215163338929415
2097152,512,7,4,1,0,0,2.1275079920887947
2097152,512,7,4,1,0,0,2.131314574740827
2097152,512,7,4,1,0,0,2.1326908422634006
2097152,512,7,4,1,0,0,2.1341950576752424
2097152,512,7,4,1,0,0,2.138530424796045
2097152,512,7,4,1,0,0,2.140090549364686
2097152,512,7,4,1,0,0,2.145303932018578
2097152,512,7,4,1,0,0,2.1486456589773297
2097152,512,7,4,1,0,0,2.151364271529019
2097152,512,7,4,1,0,0,2.154415558092296
2097152,512,7,4,1,0,0,2.1569412210956216
2097152,512,7,4,1,0,0,2.1572581538930535
2097152,512,7,4,1,0,0,2.1649849005043507
2097152,512,7,4,1,0,0,2.197921241633594
2097152,512,7,4,1,0,0,2.199307242408395
2097152,512,7,4,1,0,0,2.223226479254663
2097152,512,7,4,1,0,0,2.2373680798336864
2097152,512,7,4,1,1,0,2.104079491458833
2097152,512,7,4,1,1,0,2.1270776111632586
2097152,512,7,4,1,1,0,2.129113052971661
2097152,512,7,4,1,1,0,2.1291203470900655
2097152,512,7,4,1,1,0,2.1293753935024142
2097152,512,7,4,1,1,0,2.1362009570002556
2097152,512,7,4,1,1,0,2.137696630321443
2097152,512,7,4,1,1,0,2.140138349495828
2097152,512,7,4,1,1,0,2.1408294597640634
2097152,512,7,4,1,1,0,2.1449139546602964
2097152,512,7,4,1,1,0,2.1499827709048986
2097152,512,7,4,1,1,0,2.1528830686584115
2097152,512,7,4,1,1,0,2.1564171062782407
2097152,512,7,4,1,1,0,2.163208373822272
2097152,512,7,4,1,1,0,2.1661636233329773
2097152,512,7,4,1,1,0,2.1693756068125367
2097152,512,7,4,1,1,0,2.1763593275099993
2097152,512,7,4,1,1,0,2.1814002953469753
2097152,512,7,4,1,1,0,2.192065980285406
2097152,512,7,4,1,1,0,2.194550707936287
4194304,256,28,4,0,0,0,8.60863692779094
4194304,256,28,4,0,0,0,8.663530787453055
4194304,256,28,4,0,0,0,8.663672151044011
4194304,256,28,4,0,0,0,8.666813181713223
4194304,256,28,4,0,0,0,8.695187497884035
4194304,256,28,4,0,0,0,8.700988511554897
4194304,256,28,4,0,0,0,8.712584129534662
4194304,256,28,4,0,0,0,8.713348551653326
4194304,256,28,4,0,0,0,8.718887161463499
4194304,256,28,4,0,0,0,8.740595867857337
4194304,256,28,4,0,0,0,8.748173323459923
4194304,256,28,4,0,0,0,8.750427641905844
4194304,256,28,4,0,0,0,8.756671494804323
4194304,256,28,4,0,0,0,8.784769777208567
4194304,256,28,4,0,0,0,8.784774094820023
4194304,256,28,4,0,0,0,8.787558958865702
4194304,256,28,4,0,0,0,8.844257907941937
4194304,256,28,4,0,0,0,8.861270314082503
4194304,256,28,4,0,0,0,8.867457208223641
4194304,256,28,4,0,0,0,9.151048301719129
4194304,256,28,4,0,1,0,8.647974334657192
4194304,256,28,4,0,1,0,8.659788996912539
4194304,256,28,4,0,1,0,8.663923213258386
4194304,256,28,4,0,1,0,8.685548922978342
4194304,256,28,4,0,1,0,8.696279560215771
4194304,256,28,4,0,1,0,8.711371065117419
4194304,256,28,4,0,1,0,8.72613871563226
4194304,256,28,4,0,1,0,8.72983405739069
4194304,256,28,4,0,1,0,8.730779897421598
4194304,256,28,4,0,1,0,8.742962979711592
4194304,256,28,4,0,1,0,8.747258165851235
4194304,256,28,4,0,1,0,8.748511052690446
4194304,256,28,4,0,1,0,8.75259321089834
4194304,256,28,4,0,1,0,8.777536613866687
4194304,256,28,4,0,1,0,8.78059606347233
4194304,256,28,4,0,1,0,8.792974063195288
4194304,256,28,4,0,1,0,8.796435873024166
4194304,256,28,4,0,1,0,8.8319230414927
4194304,256,28,4,0,1,0,8.838083016686141
4194304,256,28,4,0,1,0,8.85195929929614
4194304,256,28,4,1,0,0,8.586065139621496
4194304,256,28,4,1,0,0,8.58825333043933
4194304,256,28,4,1,0,0,8.589695863425732
4194304,256,28,4,1,0,0,8.593426617793739
4194304,256,28,4,1,0,0,8.605028602294624
4194304,256,28,4,1,0,0,8.605566429905593
4194304,256,28,4,1,0,0,8.610016562975943
4194304,256,28,4,1,0,0,8.612276542000473
4194304,256,28,4,1,0,0,8.629392683506012
4194304,256,28,4,1,0,0,8.637360847555101
4194304,256,28,4,1,0,0,8.65012642648071
4194304,256,28,4,1,0,0,8.658720296807587
4194304,256,28,4,1,0,0,8.674699823372066
4194304,256,28,4,1,0,0,8.71036447584629
4194304,256,28,4,1,0,0,8.714033876545727
4194304,256,28,4,1,0,0,8.733566170558333
4194304,256,28,4,1,0,0,8.733884977176785
4194304,256,28,4,1,0,0,8.735258230939507
4194304,256,28,4,1,0,0,8.777033496648073
4194304,256,28,4,1,0,0,8.798427251167595
4194304,256,28,4,1,1,0,8.518736368976533
4194304,256,28,4,1,1,0,8.563886158168316
4194304,256,28,4,1,1,0,8.580538258887827
4194304,256,28,4,1,1,0,8.59183260332793
4194304,256,28,4,1,1,0,8.593028445728123
4194304,256,28,4,1,1,0,8.61929721198976
4194304,256,28,4,1,1,0,8.624182552099228
4194304,256,28,4,1,1,0,8.634523609653115
4194304,256,28,4,1,1,0,8.641013433225453
4194304,256,28,4,1,1,0,8.650368873029947
4194304,256,28,4,1,1,0,8.667254532687366
4194304,256,28,4,1,1,0,8.688875271007419
4194304,256,28,4,1,1,0,8.68925679475069
4194304,256,28,4,1,1,0,8.7334836255759
4194304,256,28,4,1,1,0,8.73606596980244
4194304,256,28,4,1,1,0,8.737187982536852
4194304,256,28,4,1,1,0,8.749785291031003
4194304,256,28,4,1,1,0,8.778748668730259
4194304,256,28,4,1,1,0,8.778977453708649
4194304,256,28,4,1,1,0,8.863422393798828
4194304,512,7,4,0,0,0,2.0520706665702164
4194304,512,7,4,0,0,0,2.061330367345363
4194304,512,7,4,0,0,0,2.0674173636361957
4194304,512,7,4,0,0,0,2.0704140258021653
4194304,512,7,4,0,0,0,2.0708131352439523
4194304,512,7,4,0,0,0,2.0713582914322615
4194304,512,7,4,0,0,0,2.0740343113429844
4194304,512,7,4,0,0,0,2.0748186274431646
4194304,512,7,4,0,0,0,2.074872157536447
4194304,512,7,4,0,0,0,2.075848284177482
4194304,512,7,4,0,0,0,2.076028105802834
4194304,512,7,4,0,0,0,2.077057506889105
4194304,512,7,4,0,0,0,2.0770859252661467
4194304,512,7,4,0,0,0,2.081328170839697
4194304,512,7,4,0,0,0,2.0820626257918775
4194304,512,7,4,0,0,0,2.09379652608186
4194304,512,7,4,0,0,0,2.1020872201770544
4194304,512,7,4,0,0,0,2.131619328632951
4194304,512,7,4,0,0,0,2.13163969386369
4194304,512,7,4,0,0,0,2.1443982091732323
4194304,512,7,4,0,1,0,2.0509572997689247
4194304,512,7,4,0,1,0,2.051993262488395
4194304,512,7,4,0,1,0,2.0583746060729027
4194304,512,7,4,0,1,0,2.0601548682898283
4194304,512,7,4,0,1,0,2.0614359001629055
4194304,512,7,4,0,1,0,2.0645751846022904
4194304,512,7,4,0,1,0,2.0657014255411923
4194304,512,7,4,0,1,0,2.0660991915501654
4194304,512,7,4,0,1,0,2.069454007782042
4194304,512,7,4,0,1,0,2.0714730033650994
4194304,512,7,4,0,1,0,2.0744673130102456
4194304,512,7,4,0,1,0,2.077370864339173
4194304,512,7,4,0,1,0,2.0834565153345466
4194304,512,7,4,0,1,0,2.0868995366618037
4194304,512,7,4,0,1,0,2.0874527785927057
4194304,512,7,4,0,1,0,2.0901919207535684
4194304,512,7,4,0,1,0,2.0915612136013806
4194304,512,7,4,0,1,0,2.115079723764211
4194304,512,7,4,0,1,0,2.1230589793995023
4194304,512,7,4,0,1,0,2.1253556767478585
4194304,512,7,4,1,0,0,2.0524331387132406
4194304,512,7,4,1,0,0,2.0597243080846965
4194304,512,7,4,1,0,0,2.059871613048017
4194304,512,7,4,1,0,0,2.0647929296828806
4194304,512,7,4,1,0,0,2.0655466094613075
4194304,512,7,4,1,0,0,2.071892598643899
4194304,512,7,4,1,0,0,2.0722201936878264
4194304,512,7,4,1,0,0,2.0726830335333943
4194304,512,7,4,1,0,0,2.072802790440619
4194304,512,7,4,1,0,0,2.0760173886083066
4194304,512,7,4,1,0,0,2.0794596103951335
4194304,512,7,4,1,0,0,2.0809633089229465
4194304,512,7,4,1,0,0,2.0873549999669194
4194304,512,7,4,1,0,0,2.091480998788029
4194304,512,7,4,1,0,0,2.092500563710928
4194304,512,7,4,1,0,0,2.094058540184051
4194304,512,7,4,1,0,0,2.0994067089632154
4194304,512,7,4,1,0,0,2.1048163291998208
4194304,512,7,4,1,0,0,2.1068166913464665
4194304,512,7,4,1,0,0,2.11735768802464
4194304,512,7,4,1,1,0,2.051236529368907
4194304,512,7,4,1,1,0,2.0522086885757744
4194304,512,7,4,1,1,0,2.0563208470121026
4194304,512,7,4,1,1,0,2.057256325148046
4194304,512,7,4,1,1,0,2.0597672634758055
4194304,512,7,4,1,1,0,2.059912171214819
4194304,512,7,4,1,1,0,2.06411451427266
4194304,512,7,4,1,1,0,2.07030100049451
4194304,512,7,4,1,1,0,2.0714017529971898
4194304,512,7,4,1,1,0,2.073834295384586
4194304,512,7,4,1,1,0,2.074799791444093
4194304,512,7,4,1,1,0,2.075086915399879
4194304,512,7,4,1,1,0,2.0758462394587696
4194304,512,7,4,1,1,0,2.0776010490953922
4194304,512,7,4,1,1,0,2.0780321890488267
4194304,512,7,4,1,1,0,2.086039276793599
4194304,512,7,4,1,1,0,2.095168699976057
4194304,512,7,4,1,1,0,2.09540373692289
4194304,512,7,4,1,1,0,2.1058250232599676
4194304,512,7,4,1,1,0,2.125963474623859
8388608,256,28,4,0,0,0,8.502121769357473
8388608,256,28,4,0,0,0,8.508612890262157
8388608,256,28,4,0,0,0,8.5222483179532
8388608,256,28,4,0,0,0,8.536061466205865
8388608,256,28,4,0,0,0,8.537107609212399
8388608,256,28,4,0,0,0,8.546871663071215
8388608,256,28,4,0,0,0,8.561544708441943
8388608,256,28,4,0,0,0,8.569813948124647
8388608,256,28,4,0,0,0,8.574327125679702
8388608,256,28,4,0,0,0,8.57665024138987
8388608,256,28,4,0,0,0,8.60020525334403
8388608,256,28,4,0,0,0,8.605548623483628
8388608,256,28,4,0,0,0,8.653422524221241
8388608,256,28,4,0,0,0,8.692803151905537
8388608,256,28,4,0,0,0,8.7234867378138
8388608,256,28,4,0,0,0,9.225857454817742
8388608,256,28,4,0,0,0,9.374286092352122
8388608,256,28,4,0,0,0,9.4530861787498
8388608,256,28,4,0,0,0,9.659582898020744
8388608,256,28,4,0,0,0,9.692475268151611
8388608,256,28,4,0,1,0,8.499094642698765
8388608,256,28,4,0,1,0,8.554906208533794
8388608,256,28,4,0,1,0,8.589582406915724
8388608,256,28,4,0,1,0,8.623181378934532
8388608,256,28,4,0,1,0,8.632475433405489
8388608,256,28,4,0,1,0,8.666148765478283
8388608,256,28,4,0,1,0,8.68772769253701
8388608,256,28,4,0,1,0,8.69275494851172
8388608,256,28,4,0,1,0,8.698521129786968
8388608,256,28,4,0,1,0,8.741398563608527
8388608,256,28,4,0,1,0,8.75211308663711
8388608,256,28,4,0,1,0,8.778866331093013
8388608,256,28,4,0,1,0,8.815300469752401
8388608,256,28,4,0,1,0,8.822570927906781
8388608,256,28,4,0,1,0,8.83790616877377
8388608,256,28,4,0,1,0,8.922673125285655
8388608,256,28,4,0,1,0,9.260542639996856
8388608,256,28,4,0,1,0,9.36887442925945
8388608,256,28,4,0,1,0,9.517935472540557
8388608,256,28,4,0,1,0,9.892715852707624
8388608,256,28,4,1,0,0,8.45811850996688
8388608,256,28,4,1,0,0,8.458413654007018
8388608,256,28,4,1,0,0,8.462838936597109
8388608,256,28,4,1,0,0,8.466782380826771
8388608,256,28,4,1,0,0,8.47140842769295
8388608,256,28,4,1,0,0,8.484397384803742
8388608,256,28,4,1,0,0,8.49635717831552
8388608,256,28,4,1,0,0,8.506808119826019
8388608,256,28,4,1,0,0,8.530226521193981
8388608,256,28,4,1,0,0,8.536686286795884
8388608,256,28,4,1,0,0,8.55142355337739
8388608,256,28,4,1,0,0,8.559452211484313
8388608,256,28,4,1,0,0,8.651651395484805
8388608,256,28,4,1,0,0,8.926599092315882
8388608,256,28,4,1,0,0,9.204356444068253
8388608,256,28,4,1,0,0,9.285210908390582
8388608,256,28,4,1,0,0,9.532276525627822
8388608,256,28,4,1,0,0,9.739390242379159
8388608,256,28,4,1,0,0,9.847395224496722
8388608,256,28,4,1,0,0,9.918661332223564
8388608,256,28,4,1,1,0,8.43399401428178
8388608,256,28,4,1,1,0,8.441216414794326
8388608,256,28,4,1,1,0,8.476356831844896
8388608,256,28,4,1,1,0,8.49051565118134
8388608,256,28,4,1,1,0,8.495511688292027
8388608,256,28,4,1,1,0,8.506919231731445
8388608,256,28,4,1,1,0,8.50985324382782
8388608,256,28,4,1,1,0,8.510558916255832
8388608,256,28,4,1,1,0,8.527537553571165
8388608,256,28,4,1,1,0,8.533625839278102
8388608,256,28,4,1,1,0,8.576699844095856
8388608,256,28,4,1,1,0,8.583920560777187
8388608,256,28,4,1,1,0,8.638181095942855
8388608,256,28,4,1,1,0,8.693202544003725
8388608,256,28,4,1,1,0,9.10490646911785
8388608,256,28,4,1,1,0,9.217327633406967
8388608,256,28,4,1,1,0,9.332835152279586
8388608,256,28,4,1,1,0,9.622364059090614
8388608,256,28,4,1,1,0,9.68872398789972
8388608,256,28,4,1,1,0,9.694280182942748
8388608,512,7,4,0,0,0,2.0133366433437914
8388608,512,7,4,0,0,0,2.0142452511936426
8388608,512,7,4,0,0,0,2.018884145654738
8388608,512,7,4,0,0,0,2.0199219873175025
8388608,512,7,4,0,0,0,2.021140108583495
8388608,512,7,4,0,0,0,2.02406875602901
8388608,512,7,4,0,0,0,2.027657516533509
8388608,512,7,4,0,0,0,2.028645674465224
8388608,512,7,4,0,0,0,2.0298232219647616
8388608,512,7,4,0,0,0,2.031560122035444
8388608,512,7,4,0,0,0,2.0323207427281886
8388608,512,7,4,0,0,0,2.032580532832071
8388608,512,7,4,0,0,0,2.033624476287514
8388608,512,7,4,0,0,0,2.0359359870199114
8388608,512,7,4,0,0,0,2.047015510033816
8388608,512,7,4,0,0,0,2.052067148964852
8388608,512,7,4,0,0,0,2.0647415928542614
8388608,512,7,4,0,0,0,2.069263129029423
8388608,512,7,4,0,0,0,2.070109374821186
8388608,512,7,4,0,0,0,2.080497101182118
8388608,512,7,4,0,1,0,2.0107815854717046
8388608,512,7,4,0,1,0,2.0124748637899756
8388608,512,7,4,0,1,0,2.0158883321564645
8388608,512,7,4,0,1,0,2.0164142737630755
8388608,512,7,4,0,1,0,2.018875826848671
8388608,512,7,4,0,1,0,2.0209625049028546
8388608,512,7,4,0,1,0,2.0243105734698474
8388608,512,7,4,0,1,0,2.025476505048573
8388608,512,7,4,0,1,0,2.0265997250098735
8388608,512,7,4,0,1,0,2.033228895859793
8388608,512,7,4,0,1,0,2.033477668883279
8388608,512,7,4,0,1,0,2.0345753266010433
8388608,512,7,4,0,1,0,2.037325374316424
8388608,512,7,4,0,1,0,2.0377609659917653
8388608,512,7,4,0,1,0,2.0389972317498177
8388608,512,7,4,0,1,0,2.041623661760241
8388608,512,7,4,0,1,0,2.058158208616078
8388608,512,7,4,0,1,0,2.0600652436260134
8388608,512,7,4,0,1,0,2.078109801048413
8388608,512,7,4,0,1,0,2.268422379391268
8388608,512,7,4,1,0,0,2.0117906073573977
8388608,512,7,4,1,0,0,2.0123406555503607
8388608,512,7,4,1,0,0,2.015556985978037
8388608,512,7,4,1,0,0,2.0174018463585526
8388608,512,7,4,1,0,0,2.018583520082757
8388608,512,7,4,1,0,0,2.0197192083578557
8388608,512,7,4,1,0,0,2.021427101455629
8388608,512,7,4,1,0,0,2.0220057796686888
8388608,512,7,4,1,0,0,2.022869315929711
8388608,512,7,4,1,0,0,2.0246679461561143
8388608,512,7,4,1,0,0,2.02714532520622
8388608,512,7,4,1,0,0,2.031058573164046
8388608,512,7,4,1,0,0,2.031409643124789
8388608,512,7,4,1,0,0,2.035599865252152
8388608,512,7,4,1,0,0,2.0363626007456332
8388608,512,7,4,1,0,0,2.043523967033252
8388608,512,7,4,1,0,0,2.061521943192929
8388608,512,7,4,1,0,0,2.0646542655304074
8388608,512,7,4,1,0,0,2.0700459708459675
8388608,512,7,4,1,0,0,2.0769561969209462
8388608,512,7,4,1,1,0,2.0142994259949774
8388608,512,7,4,1,1,0,2.0200365546625108
8388608,512,7,4,1,1,0,2.0203428487293422
8388608,512,7,4,1,1,0,2.021002412075177
8388608,512,7,4,1,1,0,2.0212782595772296
8388608,512,7,4,1,1,0,2.0218782890588045
8388608,512,7,4,1,1,0,2.022619300754741
8388608,512,7,4,1,1,0,2.02324186777696
8388608,512,7,4,1,1,0,2.028890931745991
8388608,512,7,4,1,1,0,2.0314757097512484
8388608,512,7,4,1,1,0,2.0323506467975676
8388608,512,7,4,1,1,0,2.0327295516617596
8388608,512,7,4,1,1,0,2.034624113002792
8388608,512,7,4,1,1,0,2.034639186691493
8388608,512,7,4,1,1,0,2.0354118009563535
8388608,512,7,4,1,1,0,2.047160688089207
8388608,512,7,4,1,1,0,2.0555725703015924
8388608,512,7,4,1,1,0,2.06127981771715
8388608,512,7,4,1,1,0,2.06529280426912
8388608,512,7,4,1,1,0,2.0715968986041844
