Size,Repeat,Workers,Buffer Ring,Do Wait,Complete CB,Time (ns)
1024,256,28,4,0,0,585.5461578369141
1024,256,28,4,0,0,586.3313674926758
1024,256,28,4,0,0,587.6415252685547
1024,256,28,4,0,0,588.0440635681152
1024,256,28,4,0,0,588.335994720459
1024,256,28,4,0,0,588.875804901123
1024,256,28,4,0,0,590.0656700134277
1024,256,28,4,0,0,592.6078300476074
1024,256,28,4,0,0,594.5432510375977
1024,256,28,4,0,0,595.2156867980957
1024,256,28,4,0,0,596.9314765930176
1024,256,28,4,0,0,631.2656555175781
1024,256,28,4,0,0,636.364875793457
1024,256,28,4,0,0,655.2175407409668
1024,256,28,4,0,0,669.5935173034668
1024,256,28,4,0,0,693.9676856994629
1024,256,28,4,0,0,732.3697395324707
1024,256,28,4,0,0,813.3248291015625
1024,256,28,4,0,0,900.4256172180176
1024,256,28,4,0,0,997.6139793395996
1024,256,28,4,0,1,585.5493583679199
1024,256,28,4,0,1,585.7646484375
1024,256,28,4,0,1,586.6307640075684
1024,256,28,4,0,1,587.2882080078125
1024,256,28,4,0,1,587.8169021606445
1024,256,28,4,0,1,589.1463356018066
1024,256,28,4,0,1,590.0096015930176
1024,256,28,4,0,1,591.151237487793
1024,256,28,4,0,1,591.186466217041
1024,256,28,4,0,1,592.6743278503418
1024,256,28,4,0,1,593.5549659729004
1024,256,28,4,0,1,597.0868797302246
1024,256,28,4,0,1,629.548713684082
1024,256,28,4,0,1,667.3538551330566
1024,256,28,4,0,1,670.3071556091309
1024,256,28,4,0,1,687.4808082580566
1024,256,28,4,0,1,698.8797645568848
1024,256,28,4,0,1,699.9987106323242
1024,256,28,4,0,1,732.9939460754395
1024,256,28,4,0,1,856.5353202819824
1024,256,28,4,1,0,573.2528686523438
1024,256,28,4,1,0,575.5511627197266
1024,256,28,4,1,0,575.7829513549805
1024,256,28,4,1,0,581.3458099365234
1024,256,28,4,1,0,583.7102241516113
1024,256,28,4,1,0,584.4926948547363
1024,256,28,4,1,0,585.1178741455078
1024,256,28,4,1,0,586.7177696228027
1024,256,28,4,1,0,589.9391784667969
1024,256,28,4,1,0,594.9614791870117
1024,256,28,4,1,0,611.8188400268555
1024,256,28,4,1,0,621.764404296875
1024,256,28,4,1,0,624.810676574707
1024,256,28,4,1,0,658.5717849731445
1024,256,28,4,1,0,663.3276596069336
1024,256,28,4,1,0,663.5594520568848
1024,256,28,4,1,0,668.001636505127
1024,256,28,4,1,0,668.0736923217773
1024,256,28,4,1,0,707.3920135498047
1024,256,28,4,1,0,757.5860633850098
1024,256,28,4,1,1,570.6855239868164
1024,256,28,4,1,1,574.4852523803711
1024,256,28,4,1,1,580.1969451904297
1024,256,28,4,1,1,581.3271217346191
1024,256,28,4,1,1,582.1781997680664
1024,256,28,4,1,1,588.2836074829102
1024,256,28,4,1,1,589.039379119873
1024,256,28,4,1,1,589.2955513000488
1024,256,28,4,1,1,592.387020111084
1024,256,28,4,1,1,593.6427192687988
1024,256,28,4,1,1,593.7756080627441
1024,256,28,4,1,1,594.1102027893066
1024,256,28,4,1,1,596.5417213439941
1024,256,28,4,1,1,630.2850608825684
1024,256,28,4,1,1,631.639347076416
1024,256,28,4,1,1,659.1869697570801
1024,256,28,4,1,1,685.8723526000977
1024,256,28,4,1,1,708.1708679199219
1024,256,28,4,1,1,713.1434059143066
1024,256,28,4,1,1,767.2104797363281
1024,512,7,4,0,0,153.84275245666504
1024,512,7,4,0,0,153.87393379211426
1024,512,7,4,0,0,154.09845161437988
1024,512,7,4,0,0,154.48509788513184
1024,512,7,4,0,0,154.71050453186035
1024,512,7,4,0,0,154.77871322631836
1024,512,7,4,0,0,154.84210777282715
1024,512,7,4,0,0,154.8881607055664
1024,512,7,4,0,0,155.11874389648438
1024,512,7,4,0,0,155.11935424804688
1024,512,7,4,0,0,155.46869277954102
1024,512,7,4,0,0,155.52025985717773
1024,512,7,4,0,0,155.838773727417
1024,512,7,4,0,0,156.98904609680176
1024,512,7,4,0,0,161.3548526763916
1024,512,7,4,0,0,169.49548530578613
1024,512,7,4,0,0,182.5564193725586
1024,512,7,4,0,0,195.64365005493164
1024,512,7,4,0,0,237.75562858581543
1024,512,7,4,0,0,251.24113655090332
1024,512,7,4,0,1,153.08081817626953
1024,512,7,4,0,1,153.63580703735352
1024,512,7,4,0,1,154.16519355773926
1024,512,7,4,0,1,154.18011283874512
1024,512,7,4,0,1,154.42551231384277
1024,512,7,4,0,1,154.8103370666504
1024,512,7,4,0,1,155.0040454864502
1024,512,7,4,0,1,155.1024932861328
1024,512,7,4,0,1,155.11838150024414
1024,512,7,4,0,1,155.6660270690918
1024,512,7,4,0,1,155.66882133483887
1024,512,7,4,0,1,155.8844337463379
1024,512,7,4,0,1,156.06252098083496
1024,512,7,4,0,1,156.2342758178711
1024,512,7,4,0,1,157.10498237609863
1024,512,7,4,0,1,171.86677169799805
1024,512,7,4,0,1,181.31156730651855
1024,512,7,4,0,1,182.43181037902832
1024,512,7,4,0,1,188.48258209228516
1024,512,7,4,0,1,329.52892112731934
1024,512,7,4,1,0,156.7630558013916
1024,512,7,4,1,0,156.95361709594727
1024,512,7,4,1,0,157.02075576782227
1024,512,7,4,1,0,157.1830711364746
1024,512,7,4,1,0,157.9847583770752
1024,512,7,4,1,0,158.11516571044922
1024,512,7,4,1,0,158.22199249267578
1024,512,7,4,1,0,158.47593688964844
1024,512,7,4,1,0,159.17528915405273
1024,512,7,4,1,0,159.24624061584473
1024,512,7,4,1,0,167.3361415863037
1024,512,7,4,1,0,170.2978973388672
1024,512,7,4,1,0,184.0816993713379
1024,512,7,4,1,0,187.99782752990723
1024,512,7,4,1,0,191.7804832458496
1024,512,7,4,1,0,197.88780212402344
1024,512,7,4,1,0,199.64298820495605
1024,512,7,4,1,0,213.47358512878418
1024,512,7,4,1,0,214.83638954162598
1024,512,7,4,1,0,302.6343460083008
1024,512,7,4,1,1,156.69896507263184
1024,512,7,4,1,1,157.57619094848633
1024,512,7,4,1,1,157.62918281555176
1024,512,7,4,1,1,158.2895679473877
1024,512,7,4,1,1,158.4133071899414
1024,512,7,4,1,1,158.45407676696777
1024,512,7,4,1,1,158.5047664642334
1024,512,7,4,1,1,158.5922508239746
1024,512,7,4,1,1,158.6355266571045
1024,512,7,4,1,1,159.22014808654785
1024,512,7,4,1,1,159.57906913757324
1024,512,7,4,1,1,163.6477165222168
1024,512,7,4,1,1,165.44783401489258
1024,512,7,4,1,1,168.675537109375
1024,512,7,4,1,1,173.108549118042
1024,512,7,4,1,1,181.72565269470215
1024,512,7,4,1,1,183.4492893218994
1024,512,7,4,1,1,198.9288444519043
1024,512,7,4,1,1,222.59527206420898
1024,512,7,4,1,1,297.8929920196533
2048,256,28,4,0,0,292.9403266906738
2048,256,28,4,0,0,294.16972732543945
2048,256,28,4,0,0,294.2238082885742
2048,256,28,4,0,0,295.9594135284424
2048,256,28,4,0,0,296.33371353149414
2048,256,28,4,0,0,296.4069423675537
2048,256,28,4,0,0,296.4312744140625
2048,256,28,4,0,0,296.8686943054199
2048,256,28,4,0,0,296.8825511932373
2048,256,28,4,0,0,297.6972541809082
2048,256,28,4,0,0,298.81024169921875
2048,256,28,4,0,0,300.6802806854248
2048,256,28,4,0,0,303.39763832092285
2048,256,28,4,0,0,303.8439197540283
2048,256,28,4,0,0,313.0408515930176
2048,256,28,4,0,0,313.18334197998047
2048,256,28,4,0,0,315.4596347808838
2048,256,28,4,0,0,317.83586502075195
2048,256,28,4,0,0,337.6701717376709
2048,256,28,4,0,0,350.62687492370605
2048,256,28,4,0,1,293.53210639953613
2048,256,28,4,0,1,295.3882026672363
2048,256,28,4,0,1,295.954195022583
2048,256,28,4,0,1,296.26195335388184
2048,256,28,4,0,1,297.141300201416
2048,256,28,4,0,1,297.2159786224365
2048,256,28,4,0,1,297.29681968688965
2048,256,28,4,0,1,297.6551322937012
2048,256,28,4,0,1,297.8872375488281
2048,256,28,4,0,1,298.45987701416016
2048,256,28,4,0,1,298.5012836456299
2048,256,28,4,0,1,299.0310249328613
2048,256,28,4,0,1,299.77853202819824
2048,256,28,4,0,1,315.0121955871582
2048,256,28,4,0,1,320.3866653442383
2048,256,28,4,0,1,331.4289207458496
2048,256,28,4,0,1,355.7139549255371
2048,256,28,4,0,1,375.89727783203125
2048,256,28,4,0,1,379.7454299926758
2048,256,28,4,0,1,577.2955532073975
2048,256,28,4,1,0,293.14555168151855
2048,256,28,4,1,0,293.8474407196045
2048,256,28,4,1,0,294.49735260009766
2048,256,28,4,1,0,295.3075580596924
2048,256,28,4,1,0,296.0603618621826
2048,256,28,4,1,0,296.16040992736816
2048,256,28,4,1,0,296.2230567932129
2048,256,28,4,1,0,297.6395149230957
2048,256,28,4,1,0,298.74423599243164
2048,256,28,4,1,0,299.06331634521484
2048,256,28,4,1,0,300.3180408477783
2048,256,28,4,1,0,300.4552421569824
2048,256,28,4,1,0,316.96971702575684
2048,256,28,4,1,0,321.79395294189453
2048,256,28,4,1,0,327.0927143096924
2048,256,28,4,1,0,334.8086414337158
2048,256,28,4,1,0,348.4356575012207
2048,256,28,4,1,0,354.877197265625
2048,256,28,4,1,0,427.5628910064697
2048,256,28,4,1,0,430.3548412322998
2048,256,28,4,1,1,288.6507320404053
2048,256,28,4,1,1,290.2943572998047
2048,256,28,4,1,1,293.11267471313477
2048,256,28,4,1,1,293.71778869628906
2048,256,28,4,1,1,293.99165534973145
2048,256,28,4,1,1,294.58397102355957
2048,256,28,4,1,1,295.07779693603516
2048,256,28,4,1,1,295.53125953674316
2048,256,28,4,1,1,295.7400016784668
2048,256,28,4,1,1,297.2013702392578
2048,256,28,4,1,1,297.3202934265137
2048,256,28,4,1,1,298.6288890838623
2048,256,28,4,1,1,298.6410369873047
2048,256,28,4,1,1,313.17878341674805
2048,256,28,4,1,1,315.6642074584961
2048,256,28,4,1,1,330.3988609313965
2048,256,28,4,1,1,331.4695682525635
2048,256,28,4,1,1,335.62145042419434
2048,256,28,4,1,1,356.19567680358887
2048,256,28,4,1,1,388.3109188079834
2048,512,7,4,0,0,76.52956676483154
2048,512,7,4,0,0,76.78941059112549
2048,512,7,4,0,0,77.52170944213867
2048,512,7,4,0,0,77.79499340057373
2048,512,7,4,0,0,78.12317848205566
2048,512,7,4,0,0,78.24050903320312
2048,512,7,4,0,0,78.33635139465332
2048,512,7,4,0,0,78.41199779510498
2048,512,7,4,0,0,78.4237813949585
2048,512,7,4,0,0,78.45013999938965
2048,512,7,4,0,0,78.59340476989746
2048,512,7,4,0,0,78.8520393371582
2048,512,7,4,0,0,83.23067855834961
2048,512,7,4,0,0,87.02253246307373
2048,512,7,4,0,0,90.60420989990234
2048,512,7,4,0,0,91.7377758026123
2048,512,7,4,0,0,92.03198051452637
2048,512,7,4,0,0,103.25317478179932
2048,512,7,4,0,0,107.28758525848389
2048,512,7,4,0,0,110.18368625640869
2048,512,7,4,0,1,77.50397300720215
2048,512,7,4,0,1,77.90337657928467
2048,512,7,4,0,1,78.13600730895996
2048,512,7,4,0,1,78.17976188659668
2048,512,7,4,0,1,78.31645488739014
2048,512,7,4,0,1,78.40398693084717
2048,512,7,4,0,1,78.48125171661377
2048,512,7,4,0,1,78.57634353637695
2048,512,7,4,0,1,78.6294298171997
2048,512,7,4,0,1,78.65993404388428
2048,512,7,4,0,1,78.72456169128418
2048,512,7,4,0,1,78.80130767822266
2048,512,7,4,0,1,78.91357421875
2048,512,7,4,0,1,79.18735885620117
2048,512,7,4,0,1,88.04302597045898
2048,512,7,4,0,1,92.07780265808105
2048,512,7,4,0,1,97.85807800292969
2048,512,7,4,0,1,99.11963081359863
2048,512,7,4,0,1,101.7494068145752
2048,512,7,4,0,1,120.50468444824219
2048,512,7,4,1,0,78.3456039428711
2048,512,7,4,1,0,78.76980304718018
2048,512,7,4,1,0,79.34799575805664
2048,512,7,4,1,0,79.36295127868652
2048,512,7,4,1,0,79.89229965209961
2048,512,7,4,1,0,79.95507144927979
2048,512,7,4,1,0,80.00168418884277
2048,512,7,4,1,0,80.03360080718994
2048,512,7,4,1,0,80.4619312286377
2048,512,7,4,1,0,80.567702293396
2048,512,7,4,1,0,81.03426742553711
2048,512,7,4,1,0,81.49686908721924
2048,512,7,4,1,0,82.03836154937744
2048,512,7,4,1,0,82.27000427246094
2048,512,7,4,1,0,85.12781810760498
2048,512,7,4,1,0,90.61032009124756
2048,512,7,4,1,0,93.04261207580566
2048,512,7,4,1,0,93.05595588684082
2048,512,7,4,1,0,111.76669597625732
2048,512,7,4,1,0,116.3529634475708
2048,512,7,4,1,1,79.30399894714355
2048,512,7,4,1,1,79.5381851196289
2048,512,7,4,1,1,79.58313083648682
2048,512,7,4,1,1,79.67548179626465
2048,512,7,4,1,1,79.68290901184082
2048,512,7,4,1,1,79.7239351272583
2048,512,7,4,1,1,79.82395267486572
2048,512,7,4,1,1,79.8471450805664
2048,512,7,4,1,1,79.98410224914551
2048,512,7,4,1,1,80.01955986022949
2048,512,7,4,1,1,80.11229991912842
2048,512,7,4,1,1,80.21984386444092
2048,512,7,4,1,1,80.31456184387207
2048,512,7,4,1,1,80.505202293396
2048,512,7,4,1,1,80.83098602294922
2048,512,7,4,1,1,81.90142059326172
2048,512,7,4,1,1,91.54871940612793
2048,512,7,4,1,1,96.39694309234619
2048,512,7,4,1,1,100.57812786102295
2048,512,7,4,1,1,100.58391666412354
4096,256,28,4,0,0,148.72908687591553
4096,256,28,4,0,0,148.75933742523193
4096,256,28,4,0,0,148.79312419891357
4096,256,28,4,0,0,148.9850721359253
4096,256,28,4,0,0,149.14539432525635
4096,256,28,4,0,0,149.2410182952881
4096,256,28,4,0,0,149.27800369262695
4096,256,28,4,0,0,149.39290809631348
4096,256,28,4,0,0,149.87782096862793
4096,256,28,4,0,0,150.07889556884766
4096,256,28,4,0,0,150.98210620880127
4096,256,28,4,0,0,151.45623779296875
4096,256,28,4,0,0,151.66519451141357
4096,256,28,4,0,0,154.0753631591797
4096,256,28,4,0,0,156.31597232818604
4096,256,28,4,0,0,160.7910623550415
4096,256,28,4,0,0,169.80440616607666
4096,256,28,4,0,0,177.81165409088135
4096,256,28,4,0,0,195.6248960494995
4096,256,28,4,0,0,217.3471450805664
4096,256,28,4,0,1,149.20594310760498
4096,256,28,4,0,1,149.20876026153564
4096,256,28,4,0,1,149.3841314315796
4096,256,28,4,0,1,150.19093894958496
4096,256,28,4,0,1,150.2475414276123
4096,256,28,4,0,1,150.80671501159668
4096,256,28,4,0,1,150.8666286468506
4096,256,28,4,0,1,150.97741985321045
4096,256,28,4,0,1,151.35007762908936
4096,256,28,4,0,1,151.45246982574463
4096,256,28,4,0,1,151.68059825897217
4096,256,28,4,0,1,152.66938304901123
4096,256,28,4,0,1,153.3495330810547
4096,256,28,4,0,1,154.16225910186768
4096,256,28,4,0,1,162.83497714996338
4096,256,28,4,0,1,171.99013328552246
4096,256,28,4,0,1,173.43591785430908
4096,256,28,4,0,1,176.15464305877686
4096,256,28,4,0,1,180.48218059539795
4096,256,28,4,0,1,184.1732521057129
4096,256,28,4,1,0,147.25952816009521
4096,256,28,4,1,0,147.3764295578003
4096,256,28,4,1,0,148.38048553466797
4096,256,28,4,1,0,148.57007884979248
4096,256,28,4,1,0,148.96254920959473
4096,256,28,4,1,0,149.43745708465576
4096,256,28,4,1,0,149.53358936309814
4096,256,28,4,1,0,149.6827802658081
4096,256,28,4,1,0,149.84158992767334
4096,256,28,4,1,0,149.87587451934814
4096,256,28,4,1,0,150.06515312194824
4096,256,28,4,1,0,151.30031967163086
4096,256,28,4,1,0,153.4339942932129
4096,256,28,4,1,0,157.34537887573242
4096,256,28,4,1,0,165.00765800476074
4096,256,28,4,1,0,169.6092872619629
4096,256,28,4,1,0,170.05063819885254
4096,256,28,4,1,0,171.03699588775635
4096,256,28,4,1,0,174.54339408874512
4096,256,28,4,1,0,190.9497127532959
4096,256,28,4,1,1,148.84750080108643
4096,256,28,4,1,1,149.11552619934082
4096,256,28,4,1,1,149.16880130767822
4096,256,28,4,1,1,149.21698188781738
4096,256,28,4,1,1,149.9120273590088
4096,256,28,4,1,1,150.04246425628662
4096,256,28,4,1,1,150.0597915649414
4096,256,28,4,1,1,150.53810691833496
4096,256,28,4,1,1,151.00454139709473
4096,256,28,4,1,1,151.61797523498535
4096,256,28,4,1,1,151.91141986846924
4096,256,28,4,1,1,153.69307231903076
4096,256,28,4,1,1,159.47369384765625
4096,256,28,4,1,1,160.60071277618408
4096,256,28,4,1,1,162.2391414642334
4096,256,28,4,1,1,172.9898223876953
4096,256,28,4,1,1,184.07840728759766
4096,256,28,4,1,1,187.32856941223145
4096,256,28,4,1,1,189.45316791534424
4096,256,28,4,1,1,190.99249839782715
4096,512,7,4,0,0,39.593791007995605
4096,512,7,4,0,0,39.73736047744751
4096,512,7,4,0,0,39.849141120910645
4096,512,7,4,0,0,39.867719650268555
4096,512,7,4,0,0,39.99306058883667
4096,512,7,4,0,0,40.0090126991272
4096,512,7,4,0,0,40.0778226852417
4096,512,7,4,0,0,40.08383798599243
4096,512,7,4,0,0,40.272451877593994
4096,512,7,4,0,0,40.280012130737305
4096,512,7,4,0,0,40.68634843826294
4096,512,7,4,0,0,40.98143720626831
4096,512,7,4,0,0,42.32104682922363
4096,512,7,4,0,0,42.44554662704468
4096,512,7,4,0,0,42.47758436203003
4096,512,7,4,0,0,42.479947566986084
4096,512,7,4,0,0,44.793713092803955
4096,512,7,4,0,0,45.25961256027222
4096,512,7,4,0,0,45.88550853729248
4096,512,7,4,0,0,50.16589164733887
4096,512,7,4,0,1,39.50765562057495
4096,512,7,4,0,1,39.63142395019531
4096,512,7,4,0,1,39.84993362426758
4096,512,7,4,0,1,39.87287998199463
4096,512,7,4,0,1,39.931725025177
4096,512,7,4,0,1,40.0254693031311
4096,512,7,4,0,1,40.04562520980835
4096,512,7,4,0,1,40.15750074386597
4096,512,7,4,0,1,40.38771963119507
4096,512,7,4,0,1,40.45035696029663
4096,512,7,4,0,1,40.6988844871521
4096,512,7,4,0,1,42.234493255615234
4096,512,7,4,0,1,44.21821117401123
4096,512,7,4,0,1,47.237675189971924
4096,512,7,4,0,1,47.483452796936035
4096,512,7,4,0,1,50.2989501953125
4096,512,7,4,0,1,51.135379791259766
4096,512,7,4,0,1,54.02751970291138
4096,512,7,4,0,1,54.50960159301758
4096,512,7,4,0,1,185.78157234191895
4096,512,7,4,1,0,40.339226722717285
4096,512,7,4,1,0,40.355263233184814
4096,512,7,4,1,0,40.38245344161987
4096,512,7,4,1,0,40.39833116531372
4096,512,7,4,1,0,40.50004053115845
4096,512,7,4,1,0,40.54777526855469
4096,512,7,4,1,0,40.69443988800049
4096,512,7,4,1,0,40.80813646316528
4096,512,7,4,1,0,40.827163219451904
4096,512,7,4,1,0,41.090699195861816
4096,512,7,4,1,0,41.313565731048584
4096,512,7,4,1,0,41.35239791870117
4096,512,7,4,1,0,41.60655641555786
4096,512,7,4,1,0,41.74545383453369
4096,512,7,4,1,0,42.20637559890747
4096,512,7,4,1,0,47.20043182373047
4096,512,7,4,1,0,48.341869831085205
4096,512,7,4,1,0,50.209484577178955
4096,512,7,4,1,0,50.24730443954468
4096,512,7,4,1,0,51.033424377441406
4096,512,7,4,1,1,40.10811948776245
4096,512,7,4,1,1,40.493820667266846
4096,512,7,4,1,1,40.51899003982544
4096,512,7,4,1,1,40.63867139816284
4096,512,7,4,1,1,40.72695875167847
4096,512,7,4,1,1,40.785998821258545
4096,512,7,4,1,1,40.890904903411865
4096,512,7,4,1,1,40.9294171333313
4096,512,7,4,1,1,40.93939447402954
4096,512,7,4,1,1,40.94554090499878
4096,512,7,4,1,1,41.06683397293091
4096,512,7,4,1,1,41.07681322097778
4096,512,7,4,1,1,41.07944440841675
4096,512,7,4,1,1,41.44255065917969
4096,512,7,4,1,1,41.756432056427
4096,512,7,4,1,1,42.54108905792236
4096,512,7,4,1,1,43.72395944595337
4096,512,7,4,1,1,46.488036155700684
4096,512,7,4,1,1,46.97409009933472
4096,512,7,4,1,1,55.20480298995972
8192,256,28,4,0,0,78.76497220993042
8192,256,28,4,0,0,78.89643383026123
8192,256,28,4,0,0,79.37465000152588
8192,256,28,4,0,0,79.40779781341553
8192,256,28,4,0,0,79.54287481307983
8192,256,28,4,0,0,79.58166599273682
8192,256,28,4,0,0,79.78181457519531
8192,256,28,4,0,0,79.80161714553833
8192,256,28,4,0,0,79.84494924545288
8192,256,28,4,0,0,80.06236362457275
8192,256,28,4,0,0,80.30101299285889
8192,256,28,4,0,0,80.52131986618042
8192,256,28,4,0,0,87.02101802825928
8192,256,28,4,0,0,87.19076013565063
8192,256,28,4,0,0,89.05203294754028
8192,256,28,4,0,0,89.51928043365479
8192,256,28,4,0,0,90.08885192871094
8192,256,28,4,0,0,90.670175075531
8192,256,28,4,0,0,91.48628377914429
8192,256,28,4,0,0,258.9491353034973
8192,256,28,4,0,1,78.74575996398926
8192,256,28,4,0,1,79.37230157852173
8192,256,28,4,0,1,79.93571758270264
8192,256,28,4,0,1,80.03517770767212
8192,256,28,4,0,1,80.08595418930054
8192,256,28,4,0,1,80.23806238174438
8192,256,28,4,0,1,81.38251209259033
8192,256,28,4,0,1,84.80375146865845
8192,256,28,4,0,1,86.44097375869751
8192,256,28,4,0,1,87.09784126281738
8192,256,28,4,0,1,88.04877138137817
8192,256,28,4,0,1,88.98492336273193
8192,256,28,4,0,1,93.92563915252686
8192,256,28,4,0,1,94.48161220550537
8192,256,28,4,0,1,95.0531153678894
8192,256,28,4,0,1,96.6520185470581
8192,256,28,4,0,1,98.00798463821411
8192,256,28,4,0,1,113.76472234725952
8192,256,28,4,0,1,116.8482141494751
8192,256,28,4,0,1,166.3436403274536
8192,256,28,4,1,0,76.92568254470825
8192,256,28,4,1,0,77.53902816772461
8192,256,28,4,1,0,77.61992263793945
8192,256,28,4,1,0,77.67560911178589
8192,256,28,4,1,0,77.94930744171143
8192,256,28,4,1,0,78.24633264541626
8192,256,28,4,1,0,78.55156660079956
8192,256,28,4,1,0,78.94974374771118
8192,256,28,4,1,0,79.06863451004028
8192,256,28,4,1,0,79.30902242660522
8192,256,28,4,1,0,80.488121509552
8192,256,28,4,1,0,81.1372332572937
8192,256,28,4,1,0,83.19353485107422
8192,256,28,4,1,0,83.63194799423218
8192,256,28,4,1,0,84.79650735855103
8192,256,28,4,1,0,88.08652257919312
8192,256,28,4,1,0,90.62417316436768
8192,256,28,4,1,0,91.17768621444702
8192,256,28,4,1,0,91.96607542037964
8192,256,28,4,1,0,97.38576173782349
8192,256,28,4,1,1,76.56854295730591
8192,256,28,4,1,1,76.86357069015503
8192,256,28,4,1,1,77.46548795700073
8192,256,28,4,1,1,77.54595422744751
8192,256,28,4,1,1,77.64942598342896
8192,256,28,4,1,1,78.09032535552979
8192,256,28,4,1,1,78.13465976715088
8192,256,28,4,1,1,78.37913608551025
8192,256,28,4,1,1,78.41754484176636
8192,256,28,4,1,1,78.50111818313599
8192,256,28,4,1,1,79.08959531784058
8192,256,28,4,1,1,79.33979272842407
8192,256,28,4,1,1,79.74649477005005
8192,256,28,4,1,1,79.79150342941284
8192,256,28,4,1,1,80.38681125640869
8192,256,28,4,1,1,80.93700456619263
8192,256,28,4,1,1,85.1321291923523
8192,256,28,4,1,1,96.99913311004639
8192,256,28,4,1,1,112.12565660476685
8192,256,28,4,1,1,112.43079423904419
8192,512,7,4,0,0,20.715357303619385
8192,512,7,4,0,0,20.824700593948364
8192,512,7,4,0,0,20.897875547409058
8192,512,7,4,0,0,20.917436122894287
8192,512,7,4,0,0,20.9844388961792
8192,512,7,4,0,0,20.988755702972412
8192,512,7,4,0,0,20.989259958267212
8192,512,7,4,0,0,21.017093420028687
8192,512,7,4,0,0,21.020071029663086
8192,512,7,4,0,0,21.028005123138428
8192,512,7,4,0,0,21.124072074890137
8192,512,7,4,0,0,21.278263568878174
8192,512,7,4,0,0,21.483365774154663
8192,512,7,4,0,0,21.889711380004883
8192,512,7,4,0,0,24.8110568523407
8192,512,7,4,0,0,26.120112895965576
8192,512,7,4,0,0,26.449951171875
8192,512,7,4,0,0,27.648767709732056
8192,512,7,4,0,0,27.952068328857422
8192,512,7,4,0,0,28.63415002822876
8192,512,7,4,0,1,20.86031985282898
8192,512,7,4,0,1,20.87715220451355
8192,512,7,4,0,1,20.91386127471924
8192,512,7,4,0,1,20.94228458404541
8192,512,7,4,0,1,20.96916699409485
8192,512,7,4,0,1,20.97632384300232
8192,512,7,4,0,1,21.005534887313843
8192,512,7,4,0,1,21.051737785339355
8192,512,7,4,0,1,21.112953901290894
8192,512,7,4,0,1,21.12726593017578
8192,512,7,4,0,1,21.163206577301025
8192,512,7,4,0,1,21.369240045547485
8192,512,7,4,0,1,22.310187816619873
8192,512,7,4,0,1,22.378762006759644
8192,512,7,4,0,1,22.531627416610718
8192,512,7,4,0,1,23.065994262695312
8192,512,7,4,0,1,23.78311252593994
8192,512,7,4,0,1,32.10631060600281
8192,512,7,4,0,1,34.107306718826294
8192,512,7,4,0,1,34.384867906570435
8192,512,7,4,1,0,21.074472427368164
8192,512,7,4,1,0,21.08524250984192
8192,512,7,4,1,0,21.159568309783936
8192,512,7,4,1,0,21.164015293121338
8192,512,7,4,1,0,21.255321979522705
8192,512,7,4,1,0,21.359811544418335
8192,512,7,4,1,0,21.392495155334473
8192,512,7,4,1,0,21.39679789543152
8192,512,7,4,1,0,21.420328855514526
8192,512,7,4,1,0,21.421830654144287
8192,512,7,4,1,0,21.46242070198059
8192,512,7,4,1,0,21.553661823272705
8192,512,7,4,1,0,21.576910972595215
8192,512,7,4,1,0,21.598235845565796
8192,512,7,4,1,0,21.902355909347534
8192,512,7,4,1,0,22.10626769065857
8192,512,7,4,1,0,22.80364203453064
8192,512,7,4,1,0,24.934216499328613
8192,512,7,4,1,0,28.95504927635193
8192,512,7,4,1,0,86.43686485290527
8192,512,7,4,1,1,21.06798481941223
8192,512,7,4,1,1,21.314711809158325
8192,512,7,4,1,1,21.3548686504364
8192,512,7,4,1,1,21.358797788619995
8192,512,7,4,1,1,21.382062673568726
8192,512,7,4,1,1,21.40734624862671
8192,512,7,4,1,1,21.41084861755371
8192,512,7,4,1,1,21.43510150909424
8192,512,7,4,1,1,21.449211359024048
8192,512,7,4,1,1,21.48144268989563
8192,512,7,4,1,1,21.526283264160156
8192,512,7,4,1,1,21.541219472885132
8192,512,7,4,1,1,21.549455642700195
8192,512,7,4,1,1,21.58729648590088
8192,512,7,4,1,1,21.662307739257812
8192,512,7,4,1,1,22.0111300945282
8192,512,7,4,1,1,22.364355325698853
8192,512,7,4,1,1,24.068992137908936
8192,512,7,4,1,1,25.112651586532593
8192,512,7,4,1,1,58.56327438354492
16384,256,28,4,0,0,41.205302715301514
16384,256,28,4,0,0,41.21209716796875
16384,256,28,4,0,0,41.238521337509155
16384,256,28,4,0,0,41.34458017349243
16384,256,28,4,0,0,41.518505573272705
16384,256,28,4,0,0,41.543652296066284
16384,256,28,4,0,0,41.78579497337341
16384,256,28,4,0,0,41.81378769874573
16384,256,28,4,0,0,42.051286935806274
16384,256,28,4,0,0,42.42847681045532
16384,256,28,4,0,0,42.593703508377075
16384,256,28,4,0,0,43.50866723060608
16384,256,28,4,0,0,45.29765295982361
16384,256,28,4,0,0,46.34796357154846
16384,256,28,4,0,0,47.31678771972656
16384,256,28,4,0,0,47.604132890701294
16384,256,28,4,0,0,49.61842918395996
16384,256,28,4,0,0,50.357598066329956
16384,256,28,4,0,0,51.10157132148743
16384,256,28,4,0,0,51.15860676765442
16384,256,28,4,0,1,41.10102438926697
16384,256,28,4,0,1,41.44846796989441
16384,256,28,4,0,1,41.61262798309326
16384,256,28,4,0,1,41.97267031669617
16384,256,28,4,0,1,42.17034292221069
16384,256,28,4,0,1,42.17879390716553
16384,256,28,4,0,1,42.591360330581665
16384,256,28,4,0,1,43.24989295005798
16384,256,28,4,0,1,43.6926326751709
16384,256,28,4,0,1,43.88414430618286
16384,256,28,4,0,1,44.56505274772644
16384,256,28,4,0,1,44.895246744155884
16384,256,28,4,0,1,44.99432587623596
16384,256,28,4,0,1,48.78951835632324
16384,256,28,4,0,1,50.88521122932434
16384,256,28,4,0,1,52.34797525405884
16384,256,28,4,0,1,53.689528465270996
16384,256,28,4,0,1,53.6926634311676
16384,256,28,4,0,1,58.17887043952942
16384,256,28,4,0,1,114.20331239700317
16384,256,28,4,1,0,40.22108793258667
16384,256,28,4,1,0,40.48888301849365
16384,256,28,4,1,0,40.717371702194214
16384,256,28,4,1,0,40.87579393386841
16384,256,28,4,1,0,41.00884556770325
16384,256,28,4,1,0,41.07541298866272
16384,256,28,4,1,0,41.11672067642212
16384,256,28,4,1,0,41.142618894577026
16384,256,28,4,1,0,41.42043113708496
16384,256,28,4,1,0,41.49288058280945
16384,256,28,4,1,0,41.66627073287964
16384,256,28,4,1,0,41.786864280700684
16384,256,28,4,1,0,42.32680082321167
16384,256,28,4,1,0,42.701828479766846
16384,256,28,4,1,0,43.72498416900635
16384,256,28,4,1,0,45.66775846481323
16384,256,28,4,1,0,48.16654634475708
16384,256,28,4,1,0,49.474706411361694
16384,256,28,4,1,0,50.325199127197266
16384,256,28,4,1,0,55.94638681411743
16384,256,28,4,1,1,40.74827599525452
16384,256,28,4,1,1,40.77125644683838
16384,256,28,4,1,1,40.781501054763794
16384,256,28,4,1,1,41.04409670829773
16384,256,28,4,1,1,41.05572843551636
16384,256,28,4,1,1,41.59046030044556
16384,256,28,4,1,1,41.854477882385254
16384,256,28,4,1,1,41.90355348587036
16384,256,28,4,1,1,41.92590689659119
16384,256,28,4,1,1,41.927797079086304
16384,256,28,4,1,1,42.08567690849304
16384,256,28,4,1,1,42.415796756744385
16384,256,28,4,1,1,43.21994233131409
16384,256,28,4,1,1,43.73965573310852
16384,256,28,4,1,1,43.83364510536194
16384,256,28,4,1,1,44.68059730529785
16384,256,28,4,1,1,44.79889488220215
16384,256,28,4,1,1,46.658517360687256
16384,256,28,4,1,1,50.6661741733551
16384,256,28,4,1,1,59.826512575149536
16384,512,7,4,0,0,11.07898998260498
16384,512,7,4,0,0,11.09295403957367
16384,512,7,4,0,0,11.094812273979187
16384,512,7,4,0,0,11.127910614013672
16384,512,7,4,0,0,11.14149260520935
16384,512,7,4,0,0,11.144817233085632
16384,512,7,4,0,0,11.156365513801575
16384,512,7,4,0,0,11.174277663230896
16384,512,7,4,0,0,11.234512686729431
16384,512,7,4,0,0,11.332183718681335
16384,512,7,4,0,0,11.344676733016968
16384,512,7,4,0,0,11.424596309661865
16384,512,7,4,0,0,11.844086289405823
16384,512,7,4,0,0,12.34701931476593
16384,512,7,4,0,0,12.541556715965271
16384,512,7,4,0,0,12.607722043991089
16384,512,7,4,0,0,12.975162029266357
16384,512,7,4,0,0,12.990165829658508
16384,512,7,4,0,0,13.965786695480347
16384,512,7,4,0,0,15.017784595489502
16384,512,7,4,0,1,11.104482769966125
16384,512,7,4,0,1,11.123055458068848
16384,512,7,4,0,1,11.150517702102661
16384,512,7,4,0,1,11.169122695922852
16384,512,7,4,0,1,11.169875741004944
16384,512,7,4,0,1,11.18360984325409
16384,512,7,4,0,1,11.197563648223877
16384,512,7,4,0,1,11.231119871139526
16384,512,7,4,0,1,11.252125144004822
16384,512,7,4,0,1,11.390902876853943
16384,512,7,4,0,1,11.958082795143127
16384,512,7,4,0,1,12.592293620109558
16384,512,7,4,0,1,12.628431916236877
16384,512,7,4,0,1,12.65380871295929
16384,512,7,4,0,1,13.44888961315155
16384,512,7,4,0,1,13.820769429206848
16384,512,7,4,0,1,13.850659251213074
16384,512,7,4,0,1,14.209368467330933
16384,512,7,4,0,1,14.889078497886658
16384,512,7,4,0,1,15.626326084136963
16384,512,7,4,1,0,11.20265781879425
16384,512,7,4,1,0,11.215093851089478
16384,512,7,4,1,0,11.226096868515015
16384,512,7,4,1,0,11.269072532653809
16384,512,7,4,1,0,11.279030442237854
16384,512,7,4,1,0,11.288229703903198
16384,512,7,4,1,0,11.320295810699463
16384,512,7,4,1,0,11.329764485359192
16384,512,7,4,1,0,11.340771794319153
16384,512,7,4,1,0,11.34209954738617
16384,512,7,4,1,0,11.395274877548218
16384,512,7,4,1,0,11.397871613502502
16384,512,7,4,1,0,11.433186769485474
16384,512,7,4,1,0,11.480275869369507
16384,512,7,4,1,0,12.803402781486511
16384,512,7,4,1,0,12.919140458106995
16384,512,7,4,1,0,13.088779211044312
16384,512,7,4,1,0,14.174037337303162
16384,512,7,4,1,0,15.094216227531433
16384,512,7,4,1,0,16.464290738105774
16384,512,7,4,1,1,11.170277833938599
16384,512,7,4,1,1,11.237704277038574
16384,512,7,4,1,1,11.251571297645569
16384,512,7,4,1,1,11.26313328742981
16384,512,7,4,1,1,11.297436237335205
16384,512,7,4,1,1,11.299217224121094
16384,512,7,4,1,1,11.31702435016632
16384,512,7,4,1,1,11.317491292953491
16384,512,7,4,1,1,11.326138615608215
16384,512,7,4,1,1,11.327953934669495
16384,512,7,4,1,1,11.33265495300293
16384,512,7,4,1,1,11.393412590026855
16384,512,7,4,1,1,11.395668983459473
16384,512,7,4,1,1,11.440211534500122
16384,512,7,4,1,1,11.443693399429321
16384,512,7,4,1,1,11.450424551963806
16384,512,7,4,1,1,11.46448016166687
16384,512,7,4,1,1,11.497609853744507
16384,512,7,4,1,1,12.103271007537842
16384,512,7,4,1,1,12.215539574623108
32768,256,28,4,0,0,23.25221812725067
32768,256,28,4,0,0,23.291959762573242
32768,256,28,4,0,0,23.3133647441864
32768,256,28,4,0,0,23.411806225776672
32768,256,28,4,0,0,23.438676118850708
32768,256,28,4,0,0,23.47737765312195
32768,256,28,4,0,0,23.496519565582275
32768,256,28,4,0,0,23.49856960773468
32768,256,28,4,0,0,23.5848890542984
32768,256,28,4,0,0,23.590906739234924
32768,256,28,4,0,0,23.594810605049133
32768,256,28,4,0,0,24.33702838420868
32768,256,28,4,0,0,24.6514710187912
32768,256,28,4,0,0,24.655304670333862
32768,256,28,4,0,0,25.167105674743652
32768,256,28,4,0,0,26.059616446495056
32768,256,28,4,0,0,26.267557621002197
32768,256,28,4,0,0,26.76122808456421
32768,256,28,4,0,0,27.33991837501526
32768,256,28,4,0,0,30.488033533096313
32768,256,28,4,0,1,23.166192293167114
32768,256,28,4,0,1,23.17043149471283
32768,256,28,4,0,1,23.23221468925476
32768,256,28,4,0,1,23.364241361618042
32768,256,28,4,0,1,23.422255516052246
32768,256,28,4,0,1,23.436092376708984
32768,256,28,4,0,1,23.494133830070496
32768,256,28,4,0,1,23.53885269165039
32768,256,28,4,0,1,23.550949215888977
32768,256,28,4,0,1,23.586835622787476
32768,256,28,4,0,1,24.34989619255066
32768,256,28,4,0,1,24.67128324508667
32768,256,28,4,0,1,24.714410424232483
32768,256,28,4,0,1,25.50214672088623
32768,256,28,4,0,1,25.527329087257385
32768,256,28,4,0,1,25.890024781227112
32768,256,28,4,0,1,25.90766930580139
32768,256,28,4,0,1,26.671991109848022
32768,256,28,4,0,1,27.200627088546753
32768,256,28,4,0,1,30.791369318962097
32768,256,28,4,1,0,22.45101523399353
32768,256,28,4,1,0,22.80384111404419
32768,256,28,4,1,0,22.928164958953857
32768,256,28,4,1,0,23.063055396080017
32768,256,28,4,1,0,23.103437542915344
32768,256,28,4,1,0,23.108768820762634
32768,256,28,4,1,0,23.147693872451782
32768,256,28,4,1,0,23.303872108459473
32768,256,28,4,1,0,23.4484885931015
32768,256,28,4,1,0,25.129379272460938
32768,256,28,4,1,0,25.243968605995178
32768,256,28,4,1,0,25.650325536727905
32768,256,28,4,1,0,25.931771993637085
32768,256,28,4,1,0,26.258381843566895
32768,256,28,4,1,0,27.085493445396423
32768,256,28,4,1,0,28.540058732032776
32768,256,28,4,1,0,28.577451825141907
32768,256,28,4,1,0,29.954174041748047
32768,256,28,4,1,0,30.612653017044067
32768,256,28,4,1,0,32.35386621952057
32768,256,28,4,1,1,22.594261169433594
32768,256,28,4,1,1,22.719735383987427
32768,256,28,4,1,1,22.76978898048401
32768,256,28,4,1,1,22.771953225135803
32768,256,28,4,1,1,22.773476243019104
32768,256,28,4,1,1,22.850040793418884
32768,256,28,4,1,1,22.899595737457275
32768,256,28,4,1,1,22.982542753219604
32768,256,28,4,1,1,23.01068925857544
32768,256,28,4,1,1,23.285777688026428
32768,256,28,4,1,1,23.32981777191162
32768,256,28,4,1,1,23.744681358337402
32768,256,28,4,1,1,23.968260765075684
32768,256,28,4,1,1,24.520789742469788
32768,256,28,4,1,1,24.624327301979065
32768,256,28,4,1,1,24.772632837295532
32768,256,28,4,1,1,25.086463928222656
32768,256,28,4,1,1,25.575056195259094
32768,256,28,4,1,1,26.624208211898804
32768,256,28,4,1,1,28.038393259048462
32768,512,7,4,0,0,6.042324066162109
32768,512,7,4,0,0,6.046483516693115
32768,512,7,4,0,0,6.047248303890228
32768,512,7,4,0,0,6.049649238586426
32768,512,7,4,0,0,6.051557660102844
32768,512,7,4,0,0,6.073626399040222
32768,512,7,4,0,0,6.076833486557007
32768,512,7,4,0,0,6.079415202140808
32768,512,7,4,0,0,6.084847450256348
32768,512,7,4,0,0,6.0863839983940125
32768,512,7,4,0,0,6.091437220573425
32768,512,7,4,0,0,6.115195155143738
32768,512,7,4,0,0,6.117915332317352
32768,512,7,4,0,0,6.146737515926361
32768,512,7,4,0,0,6.374589681625366
32768,512,7,4,0,0,6.44373083114624
32768,512,7,4,0,0,6.4497480392456055
32768,512,7,4,0,0,6.690877616405487
32768,512,7,4,0,0,6.777149975299835
32768,512,7,4,0,0,8.684001922607422
32768,512,7,4,0,1,6.036989986896515
32768,512,7,4,0,1,6.065733969211578
32768,512,7,4,0,1,6.070624530315399
32768,512,7,4,0,1,6.073905885219574
32768,512,7,4,0,1,6.0823975801467896
32768,512,7,4,0,1,6.089489579200745
32768,512,7,4,0,1,6.110777199268341
32768,512,7,4,0,1,6.116657733917236
32768,512,7,4,0,1,6.142993271350861
32768,512,7,4,0,1,6.179235994815826
32768,512,7,4,0,1,6.55703341960907
32768,512,7,4,0,1,6.679930090904236
32768,512,7,4,0,1,6.747683525085449
32768,512,7,4,0,1,6.966796338558197
32768,512,7,4,0,1,7.1007102727890015
32768,512,7,4,0,1,7.158401131629944
32768,512,7,4,0,1,7.1909626722335815
32768,512,7,4,0,1,7.232774615287781
32768,512,7,4,0,1,7.373188316822052
32768,512,7,4,0,1,12.847244322299957
32768,512,7,4,1,0,6.120690941810608
32768,512,7,4,1,0,6.132244944572449
32768,512,7,4,1,0,6.134312868118286
32768,512,7,4,1,0,6.136498332023621
32768,512,7,4,1,0,6.140304684638977
32768,512,7,4,1,0,6.148440957069397
32768,512,7,4,1,0,6.156127572059631
32768,512,7,4,1,0,6.159964978694916
32768,512,7,4,1,0,6.165545344352722
32768,512,7,4,1,0,6.1657410860061646
32768,512,7,4,1,0,6.1743932366371155
32768,512,7,4,1,0,6.199751436710358
32768,512,7,4,1,0,6.19979602098465
32768,512,7,4,1,0,6.21303129196167
32768,512,7,4,1,0,6.225397169589996
32768,512,7,4,1,0,6.226775586605072
32768,512,7,4,1,0,6.23746657371521
32768,512,7,4,1,0,6.350781261920929
32768,512,7,4,1,0,6.7581464648246765
32768,512,7,4,1,0,6.9760143756866455
32768,512,7,4,1,1,6.110986411571503
32768,512,7,4,1,1,6.138800621032715
32768,512,7,4,1,1,6.145350217819214
32768,512,7,4,1,1,6.1532323360443115
32768,512,7,4,1,1,6.157073259353638
32768,512,7,4,1,1,6.16026759147644
32768,512,7,4,1,1,6.164849758148193
32768,512,7,4,1,1,6.176386058330536
32768,512,7,4,1,1,6.179972052574158
32768,512,7,4,1,1,6.191530644893646
32768,512,7,4,1,1,6.21761029958725
32768,512,7,4,1,1,6.21862268447876
32768,512,7,4,1,1,6.233005344867706
32768,512,7,4,1,1,6.270413637161255
32768,512,7,4,1,1,6.323956906795502
32768,512,7,4,1,1,7.1929203271865845
32768,512,7,4,1,1,7.600443363189697
32768,512,7,4,1,1,7.750194191932678
32768,512,7,4,1,1,8.705314815044403
32768,512,7,4,1,1,12.450506508350372
65536,256,28,4,0,0,14.350943386554718
65536,256,28,4,0,0,14.422078847885132
65536,256,28,4,0,0,14.450527727603912
65536,256,28,4,0,0,14.465817034244537
65536,256,28,4,0,0,14.557034611701965
65536,256,28,4,0,0,14.569250643253326
65536,256,28,4,0,0,14.689313471317291
65536,256,28,4,0,0,14.853243947029114
65536,256,28,4,0,0,15.588002026081085
65536,256,28,4,0,0,15.78206717967987
65536,256,28,4,0,0,15.786300659179688
65536,256,28,4,0,0,15.90144795179367
65536,256,28,4,0,0,16.220035076141357
65536,256,28,4,0,0,16.25141555070877
65536,256,28,4,0,0,16.40754896402359
65536,256,28,4,0,0,16.79049664735794
65536,256,28,4,0,0,16.957749009132385
65536,256,28,4,0,0,17.053514420986176
65536,256,28,4,0,0,17.450265645980835
65536,256,28,4,0,0,19.873232305049896
65536,256,28,4,0,1,14.322146892547607
65536,256,28,4,0,1,14.43069577217102
65536,256,28,4,0,1,14.502759337425232
65536,256,28,4,0,1,14.528122782707214
65536,256,28,4,0,1,14.52837723493576
65536,256,28,4,0,1,14.590524077415466
65536,256,28,4,0,1,14.683616399765015
65536,256,28,4,0,1,15.01709932088852
65536,256,28,4,0,1,15.098740935325623
65536,256,28,4,0,1,15.18261343240738
65536,256,28,4,0,1,15.552184224128723
65536,256,28,4,0,1,15.697036266326904
65536,256,28,4,0,1,15.818113684654236
65536,256,28,4,0,1,15.878976583480835
65536,256,28,4,0,1,16.168384730815887
65536,256,28,4,0,1,16.304772913455963
65536,256,28,4,0,1,16.39753270149231
65536,256,28,4,0,1,16.48880237340927
65536,256,28,4,0,1,16.55701756477356
65536,256,28,4,0,1,18.106682896614075
65536,256,28,4,1,0,13.611289739608765
65536,256,28,4,1,0,13.818941056728363
65536,256,28,4,1,0,13.970301508903503
65536,256,28,4,1,0,13.975299954414368
65536,256,28,4,1,0,14.044655740261078
65536,256,28,4,1,0,14.160181403160095
65536,256,28,4,1,0,14.184891700744629
65536,256,28,4,1,0,14.23151034116745
65536,256,28,4,1,0,14.337372720241547
65536,256,28,4,1,0,14.374257028102875
65536,256,28,4,1,0,15.154964625835419
65536,256,28,4,1,0,15.209122478961945
65536,256,28,4,1,0,15.286039769649506
65536,256,28,4,1,0,15.573402047157288
65536,256,28,4,1,0,16.032879173755646
65536,256,28,4,1,0,17.000116229057312
65536,256,28,4,1,0,17.116640865802765
65536,256,28,4,1,0,18.648574590682983
65536,256,28,4,1,0,33.59331250190735
65536,256,28,4,1,0,36.8819779753685
65536,256,28,4,1,1,13.75022441148758
65536,256,28,4,1,1,13.788718283176422
65536,256,28,4,1,1,13.887332499027252
65536,256,28,4,1,1,13.920016765594482
65536,256,28,4,1,1,13.921511769294739
65536,256,28,4,1,1,13.937375843524933
65536,256,28,4,1,1,14.028048932552338
65536,256,28,4,1,1,14.086399853229523
65536,256,28,4,1,1,14.093260288238525
65536,256,28,4,1,1,14.430640399456024
65536,256,28,4,1,1,14.968623399734497
65536,256,28,4,1,1,15.304382979869843
65536,256,28,4,1,1,15.544038534164429
65536,256,28,4,1,1,15.690609455108643
65536,256,28,4,1,1,15.829751968383789
65536,256,28,4,1,1,16.104065239429474
65536,256,28,4,1,1,16.269011318683624
65536,256,28,4,1,1,16.329663574695587
65536,256,28,4,1,1,16.412463784217834
65536,256,28,4,1,1,16.791878640651703
65536,512,7,4,0,0,3.4916831851005554
65536,512,7,4,0,0,3.492887943983078
65536,512,7,4,0,0,3.4997898936271667
65536,512,7,4,0,0,3.5030681788921356
65536,512,7,4,0,0,3.503812998533249
65536,512,7,4,0,0,3.5154387652873993
65536,512,7,4,0,0,3.515931338071823
65536,512,7,4,0,0,3.518174022436142
65536,512,7,4,0,0,3.520938366651535
65536,512,7,4,0,0,3.522138237953186
65536,512,7,4,0,0,3.52294859290123
65536,512,7,4,0,0,3.525962382555008
65536,512,7,4,0,0,3.536291778087616
65536,512,7,4,0,0,3.5366362631320953
65536,512,7,4,0,0,3.5473026633262634
65536,512,7,4,0,0,3.584963411092758
65536,512,7,4,0,0,3.692243665456772
65536,512,7,4,0,0,3.7011420130729675
65536,512,7,4,0,0,3.7477405965328217
65536,512,7,4,0,0,4.460296273231506
65536,512,7,4,0,1,3.4986133873462677
65536,512,7,4,0,1,3.5036285519599915
65536,512,7,4,0,1,3.5093482732772827
65536,512,7,4,0,1,3.5118502378463745
65536,512,7,4,0,1,3.516530394554138
65536,512,7,4,0,1,3.5169894099235535
65536,512,7,4,0,1,3.518053948879242
65536,512,7,4,0,1,3.5185061395168304
65536,512,7,4,0,1,3.5216665267944336
65536,512,7,4,0,1,3.52393901348114
65536,512,7,4,0,1,3.5392780900001526
65536,512,7,4,0,1,3.5424965620040894
65536,512,7,4,0,1,3.5549920797348022
65536,512,7,4,0,1,3.7038901448249817
65536,512,7,4,0,1,3.7677089869976044
65536,512,7,4,0,1,3.8200360536575317
65536,512,7,4,0,1,3.877464383840561
65536,512,7,4,0,1,4.224501520395279
65536,512,7,4,0,1,4.2639524936676025
65536,512,7,4,0,1,11.529926776885986
65536,512,7,4,1,0,3.537484288215637
65536,512,7,4,1,0,3.541202574968338
65536,512,7,4,1,0,3.556807726621628
65536,512,7,4,1,0,3.5604764223098755
65536,512,7,4,1,0,3.563622295856476
65536,512,7,4,1,0,3.564921498298645
65536,512,7,4,1,0,3.565253436565399
65536,512,7,4,1,0,3.5667203068733215
65536,512,7,4,1,0,3.575695723295212
65536,512,7,4,1,0,3.587530344724655
65536,512,7,4,1,0,3.5902958512306213
65536,512,7,4,1,0,3.6122893393039703
65536,512,7,4,1,0,3.6361853182315826
65536,512,7,4,1,0,3.7617093920707703
65536,512,7,4,1,0,3.8464462757110596
65536,512,7,4,1,0,3.903721511363983
65536,512,7,4,1,0,3.913422793149948
65536,512,7,4,1,0,3.939669132232666
65536,512,7,4,1,0,4.199928790330887
65536,512,7,4,1,0,4.269888669252396
65536,512,7,4,1,1,3.543084889650345
65536,512,7,4,1,1,3.5445278882980347
65536,512,7,4,1,1,3.5596498548984528
65536,512,7,4,1,1,3.5634680092334747
65536,512,7,4,1,1,3.5691307187080383
65536,512,7,4,1,1,3.5733379125595093
65536,512,7,4,1,1,3.578721910715103
65536,512,7,4,1,1,3.5808715522289276
65536,512,7,4,1,1,3.583531469106674
65536,512,7,4,1,1,3.5958276987075806
65536,512,7,4,1,1,3.596375823020935
65536,512,7,4,1,1,3.5984506011009216
65536,512,7,4,1,1,4.053012102842331
65536,512,7,4,1,1,4.137460380792618
65536,512,7,4,1,1,4.218088328838348
65536,512,7,4,1,1,4.24130317568779
65536,512,7,4,1,1,4.27213779091835
65536,512,7,4,1,1,4.299685776233673
65536,512,7,4,1,1,4.492992639541626
65536,512,7,4,1,1,4.688878655433655
131072,256,28,4,0,0,9.532030880451202
131072,256,28,4,0,0,9.616613507270813
131072,256,28,4,0,0,9.640448153018951
131072,256,28,4,0,0,9.72779381275177
131072,256,28,4,0,0,9.731669783592224
131072,256,28,4,0,0,9.76786881685257
131072,256,28,4,0,0,9.776820212602615
131072,256,28,4,0,0,9.932552695274353
131072,256,28,4,0,0,9.994041532278061
131072,256,28,4,0,0,10.06975781917572
131072,256,28,4,0,0,10.08161598443985
131072,256,28,4,0,0,10.182085394859314
131072,256,28,4,0,0,10.383323729038239
131072,256,28,4,0,0,10.38591381907463
131072,256,28,4,0,0,10.4147709608078
131072,256,28,4,0,0,10.445129126310349
131072,256,28,4,0,0,10.576716393232346
131072,256,28,4,0,0,10.70341420173645
131072,256,28,4,0,0,10.998267233371735
131072,256,28,4,0,0,11.837810605764389
131072,256,28,4,0,1,9.643837034702301
131072,256,28,4,0,1,9.715652406215668
131072,256,28,4,0,1,9.725287020206451
131072,256,28,4,0,1,9.764210611581802
131072,256,28,4,0,1,9.7646644115448
131072,256,28,4,0,1,9.778003454208374
131072,256,28,4,0,1,9.833375424146652
131072,256,28,4,0,1,9.886942565441132
131072,256,28,4,0,1,10.099577993154526
131072,256,28,4,0,1,10.104144215583801
131072,256,28,4,0,1,10.124004155397415
131072,256,28,4,0,1,10.172321528196335
131072,256,28,4,0,1,10.177279144525528
131072,256,28,4,0,1,10.200613886117935
131072,256,28,4,0,1,10.325360774993896
131072,256,28,4,0,1,10.368737310171127
131072,256,28,4,0,1,10.443310797214508
131072,256,28,4,0,1,10.741087466478348
131072,256,28,4,0,1,10.76437371969223
131072,256,28,4,0,1,10.773533403873444
131072,256,28,4,1,0,9.168498426675797
131072,256,28,4,1,0,9.194942623376846
131072,256,28,4,1,0,9.230663031339645
131072,256,28,4,1,0,9.259254097938538
131072,256,28,4,1,0,9.358092546463013
131072,256,28,4,1,0,9.368766486644745
131072,256,28,4,1,0,9.415021896362305
131072,256,28,4,1,0,9.599812746047974
131072,256,28,4,1,0,9.638291269540787
131072,256,28,4,1,0,9.784498125314713
131072,256,28,4,1,0,9.811763972043991
131072,256,28,4,1,0,10.193082600831985
131072,256,28,4,1,0,10.357698619365692
131072,256,28,4,1,0,10.425379604101181
131072,256,28,4,1,0,10.78387588262558
131072,256,28,4,1,0,10.812127411365509
131072,256,28,4,1,0,11.265157580375671
131072,256,28,4,1,0,11.683364599943161
131072,256,28,4,1,0,12.190392315387726
131072,256,28,4,1,0,12.885127753019333
131072,256,28,4,1,1,9.005331665277481
131072,256,28,4,1,1,9.232353299856186
131072,256,28,4,1,1,9.302697211503983
131072,256,28,4,1,1,9.35670930147171
131072,256,28,4,1,1,9.42053535580635
131072,256,28,4,1,1,9.499162018299103
131072,256,28,4,1,1,9.582027673721313
131072,256,28,4,1,1,9.783293008804321
131072,256,28,4,1,1,9.791502982378006
131072,256,28,4,1,1,9.804945439100266
131072,256,28,4,1,1,9.900995254516602
131072,256,28,4,1,1,9.980803400278091
131072,256,28,4,1,1,10.071391522884369
131072,256,28,4,1,1,10.119970381259918
131072,256,28,4,1,1,10.279535233974457
131072,256,28,4,1,1,10.307191789150238
131072,256,28,4,1,1,10.48079827427864
131072,256,28,4,1,1,10.631843149662018
131072,256,28,4,1,1,10.99748781323433
131072,256,28,4,1,1,13.147888481616974
131072,512,7,4,0,0,2.2790653705596924
131072,512,7,4,0,0,2.2936331778764725
131072,512,7,4,0,0,2.29517325758934
131072,512,7,4,0,0,2.295770451426506
131072,512,7,4,0,0,2.2964587211608887
131072,512,7,4,0,0,2.3055242151021957
131072,512,7,4,0,0,2.321250393986702
131072,512,7,4,0,0,2.3221614360809326
131072,512,7,4,0,0,2.3701459914445877
131072,512,7,4,0,0,2.370626136660576
131072,512,7,4,0,0,2.3865323960781097
131072,512,7,4,0,0,2.3903633058071136
131072,512,7,4,0,0,2.3940823823213577
131072,512,7,4,0,0,2.404589608311653
131072,512,7,4,0,0,2.4562839716672897
131072,512,7,4,0,0,2.4607729762792587
131072,512,7,4,0,0,2.485910788178444
131072,512,7,4,0,0,2.5236168205738068
131072,512,7,4,0,0,2.9012674391269684
131072,512,7,4,0,0,2.9112421572208405
131072,512,7,4,0,1,2.3054212629795074
131072,512,7,4,0,1,2.305571362376213
131072,512,7,4,0,1,2.3088737428188324
131072,512,7,4,0,1,2.3090212792158127
131072,512,7,4,0,1,2.3098302632570267
131072,512,7,4,0,1,2.3131484240293503
131072,512,7,4,0,1,2.318829134106636
131072,512,7,4,0,1,2.321165293455124
131072,512,7,4,0,1,2.3259702920913696
131072,512,7,4,0,1,2.332241877913475
131072,512,7,4,0,1,2.3355345875024796
131072,512,7,4,0,1,2.4270005226135254
131072,512,7,4,0,1,2.479401484131813
131072,512,7,4,0,1,2.4980810433626175
131072,512,7,4,0,1,2.7854812890291214
131072,512,7,4,0,1,2.7925510108470917
131072,512,7,4,0,1,3.219764307141304
131072,512,7,4,0,1,3.220615804195404
131072,512,7,4,0,1,3.28061480820179
131072,512,7,4,0,1,3.5889058262109756
131072,512,7,4,1,0,2.3138589411973953
131072,512,7,4,1,0,2.317054897546768
131072,512,7,4,1,0,2.3176741898059845
131072,512,7,4,1,0,2.3203352987766266
131072,512,7,4,1,0,2.3222160637378693
131072,512,7,4,1,0,2.3238931447267532
131072,512,7,4,1,0,2.325037181377411
131072,512,7,4,1,0,2.3282281309366226
131072,512,7,4,1,0,2.32931125164032
131072,512,7,4,1,0,2.3328215926885605
131072,512,7,4,1,0,2.3395650386810303
131072,512,7,4,1,0,2.3457618951797485
131072,512,7,4,1,0,2.4072259962558746
131072,512,7,4,1,0,2.4080951511859894
131072,512,7,4,1,0,2.636534333229065
131072,512,7,4,1,0,2.6436203718185425
131072,512,7,4,1,0,2.8499565720558167
131072,512,7,4,1,0,2.9469339698553085
131072,512,7,4,1,0,2.95731882750988
131072,512,7,4,1,0,3.0401948541402817
131072,512,7,4,1,1,2.3057092130184174
131072,512,7,4,1,1,2.307705879211426
131072,512,7,4,1,1,2.310246393084526
131072,512,7,4,1,1,2.315060332417488
131072,512,7,4,1,1,2.317630410194397
131072,512,7,4,1,1,2.320792481303215
131072,512,7,4,1,1,2.3237957060337067
131072,512,7,4,1,1,2.3252972960472107
131072,512,7,4,1,1,2.3284801691770554
131072,512,7,4,1,1,2.3297864347696304
131072,512,7,4,1,1,2.332822784781456
131072,512,7,4,1,1,2.3429731875658035
131072,512,7,4,1,1,2.3441612273454666
131072,512,7,4,1,1,2.41118061542511
131072,512,7,4,1,1,2.4403320401906967
131072,512,7,4,1,1,2.5189006477594376
131072,512,7,4,1,1,2.5539083927869797
131072,512,7,4,1,1,2.625592455267906
131072,512,7,4,1,1,2.6467608511447906
131072,512,7,4,1,1,2.656788721680641
262144,256,28,4,0,0,9.812989249825478
262144,256,28,4,0,0,10.051017969846725
262144,256,28,4,0,0,10.053239166736603
262144,256,28,4,0,0,10.07681129872799
262144,256,28,4,0,0,10.125379204750061
262144,256,28,4,0,0,10.166703760623932
262144,256,28,4,0,0,10.252944648265839
262144,256,28,4,0,0,10.259456753730774
262144,256,28,4,0,0,10.260882094502449
262144,256,28,4,0,0,10.301289409399033
262144,256,28,4,0,0,10.362008735537529
262144,256,28,4,0,0,10.43989484012127
262144,256,28,4,0,0,10.529868751764297
262144,256,28,4,0,0,10.609557867050171
262144,256,28,4,0,0,10.620221346616745
262144,256,28,4,0,0,10.65420849621296
262144,256,28,4,0,0,11.021589010953903
262144,256,28,4,0,0,11.124432861804962
262144,256,28,4,0,0,11.363936007022858
262144,256,28,4,0,0,11.846734791994095
262144,256,28,4,0,1,9.74668538570404
262144,256,28,4,0,1,9.816389307379723
262144,256,28,4,0,1,9.817831575870514
262144,256,28,4,0,1,9.833985835313797
262144,256,28,4,0,1,9.847547084093094
262144,256,28,4,0,1,9.857928335666656
262144,256,28,4,0,1,10.009477272629738
262144,256,28,4,0,1,10.266877502202988
262144,256,28,4,0,1,10.301008135080338
262144,256,28,4,0,1,10.338828817009926
262144,256,28,4,0,1,10.374823272228241
262144,256,28,4,0,1,10.461510375142097
262144,256,28,4,0,1,10.47733499109745
262144,256,28,4,0,1,10.490313619375229
262144,256,28,4,0,1,10.590818241238594
262144,256,28,4,0,1,10.677038326859474
262144,256,28,4,0,1,10.756446957588196
262144,256,28,4,0,1,11.29924364387989
262144,256,28,4,0,1,11.566399201750755
262144,256,28,4,0,1,12.718336701393127
262144,256,28,4,1,0,9.310257360339165
262144,256,28,4,1,0,9.37231320142746
262144,256,28,4,1,0,9.404461726546288
262144,256,28,4,1,0,9.41020753979683
262144,256,28,4,1,0,9.523720189929008
262144,256,28,4,1,0,9.596761420369148
262144,256,28,4,1,0,9.604119196534157
262144,256,28,4,1,0,9.6087466776371
262144,256,28,4,1,0,9.60891617834568
262144,256,28,4,1,0,9.609397441148758
262144,256,28,4,1,0,9.610494449734688
262144,256,28,4,1,0,9.620006933808327
262144,256,28,4,1,0,9.714615449309349
262144,256,28,4,1,0,9.822127670049667
262144,256,28,4,1,0,9.837472259998322
262144,256,28,4,1,0,9.953962042927742
262144,256,28,4,1,0,9.989345788955688
262144,256,28,4,1,0,10.111523821949959
262144,256,28,4,1,0,10.556579738855362
262144,256,28,4,1,0,10.710492491722107
262144,256,28,4,1,1,9.531812161207199
262144,256,28,4,1,1,9.541352570056915
262144,256,28,4,1,1,9.58384194970131
262144,256,28,4,1,1,9.683316603302956
262144,256,28,4,1,1,9.700190365314484
262144,256,28,4,1,1,9.747070357203484
262144,256,28,4,1,1,9.828511789441109
262144,256,28,4,1,1,9.86531487107277
262144,256,28,4,1,1,9.959067061543465
262144,256,28,4,1,1,9.979967206716537
262144,256,28,4,1,1,10.009595736861229
262144,256,28,4,1,1,10.027595490217209
262144,256,28,4,1,1,10.09434099495411
262144,256,28,4,1,1,10.16554407775402
262144,256,28,4,1,1,10.365405425429344
262144,256,28,4,1,1,10.402896046638489
262144,256,28,4,1,1,10.866509646177292
262144,256,28,4,1,1,11.55014844238758
262144,256,28,4,1,1,11.989636659622192
262144,256,28,4,1,1,15.458671405911446
262144,512,7,4,0,0,1.7209432423114777
262144,512,7,4,0,0,1.7212203964591026
262144,512,7,4,0,0,1.7265720441937447
262144,512,7,4,0,0,1.7281819730997086
262144,512,7,4,0,0,1.7292667105793953
262144,512,7,4,0,0,1.729449138045311
262144,512,7,4,0,0,1.7299744188785553
262144,512,7,4,0,0,1.7309106513857841
262144,512,7,4,0,0,1.7330449596047401
262144,512,7,4,0,0,1.7351400181651115
262144,512,7,4,0,0,1.7538020014762878
262144,512,7,4,0,0,1.8119136467576027
262144,512,7,4,0,0,1.8148005455732346
262144,512,7,4,0,0,1.8309292271733284
262144,512,7,4,0,0,1.8943875506520271
262144,512,7,4,0,0,1.8980136960744858
262144,512,7,4,0,0,1.89886936545372
262144,512,7,4,0,0,1.9035846963524818
262144,512,7,4,0,0,1.9828695580363274
262144,512,7,4,0,0,1.9983461424708366
262144,512,7,4,0,1,1.7085150256752968
262144,512,7,4,0,1,1.709897629916668
262144,512,7,4,0,1,1.7143669128417969
262144,512,7,4,0,1,1.7209288626909256
262144,512,7,4,0,1,1.724119983613491
262144,512,7,4,0,1,1.7265844196081161
262144,512,7,4,0,1,1.729493074119091
262144,512,7,4,0,1,1.729789137840271
262144,512,7,4,0,1,1.732101395726204
262144,512,7,4,0,1,1.7322143539786339
262144,512,7,4,0,1,1.7359566316008568
262144,512,7,4,0,1,1.8144539222121239
262144,512,7,4,0,1,1.8209184780716896
262144,512,7,4,0,1,1.8385535851120949
262144,512,7,4,0,1,1.903103068470955
262144,512,7,4,0,1,1.9475821778178215
262144,512,7,4,0,1,1.9491542428731918
262144,512,7,4,0,1,2.0993922725319862
262144,512,7,4,0,1,2.1395642533898354
262144,512,7,4,0,1,2.2577486857771873
262144,512,7,4,1,0,1.7015984803438187
262144,512,7,4,1,0,1.7036659643054008
262144,512,7,4,1,0,1.719154842197895
262144,512,7,4,1,0,1.7215112298727036
262144,512,7,4,1,0,1.7262442409992218
262144,512,7,4,1,0,1.728503979742527
262144,512,7,4,1,0,1.7294014617800713
262144,512,7,4,1,0,1.730484127998352
262144,512,7,4,1,0,1.7717014104127884
262144,512,7,4,1,0,1.7987949028611183
262144,512,7,4,1,0,1.8000492230057716
262144,512,7,4,1,0,1.8020781949162483
262144,512,7,4,1,0,1.8087981566786766
262144,512,7,4,1,0,1.8110244795680046
262144,512,7,4,1,0,1.8206878900527954
262144,512,7,4,1,0,1.8333916738629341
262144,512,7,4,1,0,2.0124128982424736
262144,512,7,4,1,0,2.2347686290740967
262144,512,7,4,1,0,2.2937305867671967
262144,512,7,4,1,0,2.363000839948654
262144,512,7,4,1,1,1.7028127759695053
262144,512,7,4,1,1,1.7083468213677406
262144,512,7,4,1,1,1.7108456417918205
262144,512,7,4,1,1,1.7271255999803543
262144,512,7,4,1,1,1.7310677766799927
262144,512,7,4,1,1,1.7394322603940964
262144,512,7,4,1,1,1.756346233189106
262144,512,7,4,1,1,1.7986405789852142
262144,512,7,4,1,1,1.8031440377235413
262144,512,7,4,1,1,1.8096207827329636
262144,512,7,4,1,1,1.8891001269221306
262144,512,7,4,1,1,1.9211775586009026
262144,512,7,4,1,1,1.925408273935318
262144,512,7,4,1,1,1.9264016821980476
262144,512,7,4,1,1,1.9808999449014664
262144,512,7,4,1,1,1.9949078559875488
262144,512,7,4,1,1,2.129762291908264
262144,512,7,4,1,1,2.131429448723793
262144,512,7,4,1,1,2.1803258657455444
262144,512,7,4,1,1,2.4614374935626984
524288,256,28,4,0,0,8.566012412309647
524288,256,28,4,0,0,8.575286246836185
524288,256,28,4,0,0,8.583870232105255
524288,256,28,4,0,0,8.661458037793636
524288,256,28,4,0,0,8.751622162759304
524288,256,28,4,0,0,8.765179388225079
524288,256,28,4,0,0,8.854777246713638
524288,256,28,4,0,0,8.867946557700634
524288,256,28,4,0,0,8.873602524399757
524288,256,28,4,0,0,8.896371372044086
524288,256,28,4,0,0,8.907282032072544
524288,256,28,4,0,0,8.913520991802216
524288,256,28,4,0,0,8.960983276367188
524288,256,28,4,0,0,8.99377591907978
524288,256,28,4,0,0,9.127727426588535
524288,256,28,4,0,0,9.138336353003979
524288,256,28,4,0,0,9.2076450958848
524288,256,28,4,0,0,9.294967614114285
524288,256,28,4,0,0,9.515910372138023
524288,256,28,4,0,0,9.683402955532074
524288,256,28,4,0,1,8.666239090263844
524288,256,28,4,0,1,8.668153628706932
524288,256,28,4,0,1,8.735895827412605
524288,256,28,4,0,1,8.752678833901882
524288,256,28,4,0,1,8.752996183931828
524288,256,28,4,0,1,8.787880130112171
524288,256,28,4,0,1,8.799871802330017
524288,256,28,4,0,1,8.803328298032284
524288,256,28,4,0,1,8.853645391762257
524288,256,28,4,0,1,8.883860051631927
524288,256,28,4,0,1,8.905830562114716
524288,256,28,4,0,1,8.908920608460903
524288,256,28,4,0,1,8.979342572391033
524288,256,28,4,0,1,8.996306106448174
524288,256,28,4,0,1,9.040398307144642
524288,256,28,4,0,1,9.053217314183712
524288,256,28,4,0,1,9.065984562039375
524288,256,28,4,0,1,9.258984133601189
524288,256,28,4,0,1,9.430730015039444
524288,256,28,4,0,1,9.760366424918175
524288,256,28,4,1,0,8.121582493185997
524288,256,28,4,1,0,8.137967944145203
524288,256,28,4,1,0,8.22009414434433
524288,256,28,4,1,0,8.252247169613838
524288,256,28,4,1,0,8.314601980149746
524288,256,28,4,1,0,8.404083296656609
524288,256,28,4,1,0,8.445501610636711
524288,256,28,4,1,0,8.4577167481184
524288,256,28,4,1,0,8.533290728926659
524288,256,28,4,1,0,8.563467495143414
524288,256,28,4,1,0,8.605440199375153
524288,256,28,4,1,0,8.654691502451897
524288,256,28,4,1,0,8.726845040917397
524288,256,28,4,1,0,8.788438342511654
524288,256,28,4,1,0,8.853446885943413
524288,256,28,4,1,0,9.0266617462039
524288,256,28,4,1,0,9.04796265810728
524288,256,28,4,1,0,9.093904674053192
524288,256,28,4,1,0,9.178729727864265
524288,256,28,4,1,0,9.60992718487978
524288,256,28,4,1,1,8.172864846885204
524288,256,28,4,1,1,8.242843829095364
524288,256,28,4,1,1,8.309213146567345
524288,256,28,4,1,1,8.332735262811184
524288,256,28,4,1,1,8.372796602547169
524288,256,28,4,1,1,8.39356504380703
524288,256,28,4,1,1,8.42693217098713
524288,256,28,4,1,1,8.483558021485806
524288,256,28,4,1,1,8.557122640311718
524288,256,28,4,1,1,8.579570926725864
524288,256,28,4,1,1,8.677348583936691
524288,256,28,4,1,1,8.826431058347225
524288,256,28,4,1,1,8.85760298371315
524288,256,28,4,1,1,8.926082879304886
524288,256,28,4,1,1,8.990592420101166
524288,256,28,4,1,1,9.046677231788635
524288,256,28,4,1,1,9.04712974280119
524288,256,28,4,1,1,9.216691434383392
524288,256,28,4,1,1,9.333828218281269
524288,256,28,4,1,1,9.478419698774815
524288,512,7,4,0,0,1.411322571337223
524288,512,7,4,0,0,1.4193955101072788
524288,512,7,4,0,0,1.4198461845517159
524288,512,7,4,0,0,1.4206464402377605
524288,512,7,4,0,0,1.4217903912067413
524288,512,7,4,0,0,1.4490224905312061
524288,512,7,4,0,0,1.4623291194438934
524288,512,7,4,0,0,1.479990128427744
524288,512,7,4,0,0,1.4840331822633743
524288,512,7,4,0,0,1.5041213892400265
524288,512,7,4,0,0,1.5145008824765682
524288,512,7,4,0,0,1.518192756921053
524288,512,7,4,0,0,1.552358414977789
524288,512,7,4,0,0,1.5572753623127937
524288,512,7,4,0,0,1.5631448179483414
524288,512,7,4,0,0,1.5862305723130703
524288,512,7,4,0,0,1.6167176254093647
524288,512,7,4,0,0,1.6467109322547913
524288,512,7,4,0,0,1.681132223457098
524288,512,7,4,0,0,1.859080396592617
524288,512,7,4,0,1,1.4283048063516617
524288,512,7,4,0,1,1.4292214959859848
524288,512,7,4,0,1,1.429823961108923
524288,512,7,4,0,1,1.4581891596317291
524288,512,7,4,0,1,1.4699323549866676
524288,512,7,4,0,1,1.4730970077216625
524288,512,7,4,0,1,1.498752012848854
524288,512,7,4,0,1,1.5234910026192665
524288,512,7,4,0,1,1.5315090604126453
524288,512,7,4,0,1,1.531918253749609
524288,512,7,4,0,1,1.5368706360459328
524288,512,7,4,0,1,1.545337326824665
524288,512,7,4,0,1,1.5523262657225132
524288,512,7,4,0,1,1.553446676582098
524288,512,7,4,0,1,1.578415609896183
524288,512,7,4,0,1,1.6578553654253483
524288,512,7,4,0,1,1.7337075397372246
524288,512,7,4,0,1,1.7354431822896004
524288,512,7,4,0,1,1.8549769595265388
524288,512,7,4,0,1,1.8818487785756588
524288,512,7,4,1,0,1.3914080709218979
524288,512,7,4,1,0,1.40596729144454
524288,512,7,4,1,0,1.411243412643671
524288,512,7,4,1,0,1.4284408651292324
524288,512,7,4,1,0,1.4471359476447105
524288,512,7,4,1,0,1.459339253604412
524288,512,7,4,1,0,1.460329283028841
524288,512,7,4,1,0,1.4767626039683819
524288,512,7,4,1,0,1.4905386380851269
524288,512,7,4,1,0,1.4907183088362217
524288,512,7,4,1,0,1.4922926425933838
524288,512,7,4,1,0,1.5141073018312454
524288,512,7,4,1,0,1.5167312175035477
524288,512,7,4,1,0,1.5360686555504799
524288,512,7,4,1,0,1.557559546083212
524288,512,7,4,1,0,1.5755366869270802
524288,512,7,4,1,0,1.5770356431603432
524288,512,7,4,1,0,1.586632113903761
524288,512,7,4,1,0,1.763541080057621
524288,512,7,4,1,0,1.870077196508646
524288,512,7,4,1,1,1.3964045196771622
524288,512,7,4,1,1,1.4105238169431686
524288,512,7,4,1,1,1.418457981199026
524288,512,7,4,1,1,1.4255000352859497
524288,512,7,4,1,1,1.4283515959978104
524288,512,7,4,1,1,1.4424205385148525
524288,512,7,4,1,1,1.4583832323551178
524288,512,7,4,1,1,1.4610571004450321
524288,512,7,4,1,1,1.474109761416912
524288,512,7,4,1,1,1.4840754270553589
524288,512,7,4,1,1,1.496221337467432
524288,512,7,4,1,1,1.504139855504036
524288,512,7,4,1,1,1.5271604917943478
524288,512,7,4,1,1,1.5306277349591255
524288,512,7,4,1,1,1.560217473655939
524288,512,7,4,1,1,1.5828474760055542
524288,512,7,4,1,1,1.5981605276465416
524288,512,7,4,1,1,1.623500294983387
524288,512,7,4,1,1,1.7175828963518143
524288,512,7,4,1,1,1.9492819607257843
1048576,256,28,4,0,0,7.749787524342537
1048576,256,28,4,0,0,7.780522108078003
1048576,256,28,4,0,0,7.835614405572414
1048576,256,28,4,0,0,7.87165492400527
1048576,256,28,4,0,0,7.896573815494776
1048576,256,28,4,0,0,7.927818305790424
1048576,256,28,4,0,0,7.955326460301876
1048576,256,28,4,0,0,7.996959533542395
1048576,256,28,4,0,0,8.006113402545452
1048576,256,28,4,0,0,8.110219348222017
1048576,256,28,4,0,0,8.15744061395526
1048576,256,28,4,0,0,8.165118038654327
1048576,256,28,4,0,0,8.206687357276678
1048576,256,28,4,0,0,8.261452376842499
1048576,256,28,4,0,0,8.261873740702868
1048576,256,28,4,0,0,8.272394482046366
1048576,256,28,4,0,0,8.285183295607567
1048576,256,28,4,0,0,8.312869101762772
1048576,256,28,4,0,0,8.343197751790285
1048576,256,28,4,0,0,8.402153603732586
1048576,256,28,4,0,1,7.8036763817071915
1048576,256,28,4,0,1,7.814193017780781
1048576,256,28,4,0,1,7.821728575974703
1048576,256,28,4,0,1,7.855586174875498
1048576,256,28,4,0,1,7.879472456872463
1048576,256,28,4,0,1,7.881383955478668
1048576,256,28,4,0,1,7.8944859728217125
1048576,256,28,4,0,1,7.900840148329735
1048576,256,28,4,0,1,7.951045036315918
1048576,256,28,4,0,1,7.999493662267923
1048576,256,28,4,0,1,8.03219848126173
1048576,256,28,4,0,1,8.114584490656853
1048576,256,28,4,0,1,8.134269129484892
1048576,256,28,4,0,1,8.13792346790433
1048576,256,28,4,0,1,8.165669824928045
1048576,256,28,4,0,1,8.168350476771593
1048576,256,28,4,0,1,8.222227655351162
1048576,256,28,4,0,1,8.258863534778357
1048576,256,28,4,0,1,8.441235326230526
1048576,256,28,4,0,1,8.51742947101593
1048576,256,28,4,1,0,7.477981213480234
1048576,256,28,4,1,0,7.514158368110657
1048576,256,28,4,1,0,7.545008599758148
1048576,256,28,4,1,0,7.548001758754253
1048576,256,28,4,1,0,7.550283167511225
1048576,256,28,4,1,0,7.5906110517680645
1048576,256,28,4,1,0,7.592919409275055
1048576,256,28,4,1,0,7.598249241709709
1048576,256,28,4,1,0,7.605720557272434
1048576,256,28,4,1,0,7.622382752597332
1048576,256,28,4,1,0,7.634831089526415
1048576,256,28,4,1,0,7.685014437884092
1048576,256,28,4,1,0,7.698981694877148
1048576,256,28,4,1,0,7.858127225190401
1048576,256,28,4,1,0,7.87127411365509
1048576,256,28,4,1,0,7.908286668360233
1048576,256,28,4,1,0,7.909390263259411
1048576,256,28,4,1,0,8.167313806712627
1048576,256,28,4,1,0,8.237838495522738
1048576,256,28,4,1,0,8.571402542293072
1048576,256,28,4,1,1,7.5490034483373165
1048576,256,28,4,1,1,7.564118694514036
1048576,256,28,4,1,1,7.565787427127361
1048576,256,28,4,1,1,7.579952482134104
1048576,256,28,4,1,1,7.595938101410866
1048576,256,28,4,1,1,7.598961215466261
1048576,256,28,4,1,1,7.60958581417799
1048576,256,28,4,1,1,7.64638377353549
1048576,256,28,4,1,1,7.659419950097799
1048576,256,28,4,1,1,7.823348220437765
1048576,256,28,4,1,1,7.9074971601367
1048576,256,28,4,1,1,7.9208249524235725
1048576,256,28,4,1,1,7.966796312481165
1048576,256,28,4,1,1,7.967684421688318
1048576,256,28,4,1,1,7.999290853738785
1048576,256,28,4,1,1,8.01038595288992
1048576,256,28,4,1,1,8.041316203773022
1048576,256,28,4,1,1,8.06710670888424
1048576,256,28,4,1,1,8.148678466677666
1048576,256,28,4,1,1,8.214170653373003
1048576,512,7,4,0,0,1.7604656610637903
1048576,512,7,4,0,0,1.761614067479968
1048576,512,7,4,0,0,1.796683756634593
1048576,512,7,4,0,0,1.8109581470489502
1048576,512,7,4,0,0,1.814379496499896
1048576,512,7,4,0,0,1.8177954852581024
1048576,512,7,4,0,0,1.8190570585429668
1048576,512,7,4,0,0,1.8331925515085459
1048576,512,7,4,0,0,1.836586780846119
1048576,512,7,4,0,0,1.8419210761785507
1048576,512,7,4,0,0,1.8491429276764393
1048576,512,7,4,0,0,1.880966054275632
1048576,512,7,4,0,0,1.8840996194630861
1048576,512,7,4,0,0,1.9416386485099792
1048576,512,7,4,0,0,1.9597747679799795
1048576,512,7,4,0,0,2.002158833667636
1048576,512,7,4,0,0,2.025925824418664
1048576,512,7,4,0,0,2.0336946919560432
1048576,512,7,4,0,0,2.0846501644700766
1048576,512,7,4,0,0,2.13071246817708
1048576,512,7,4,0,1,1.747428210452199
1048576,512,7,4,0,1,1.7721840515732765
1048576,512,7,4,0,1,1.775618590414524
1048576,512,7,4,0,1,1.782080626115203
1048576,512,7,4,0,1,1.7852207124233246
1048576,512,7,4,0,1,1.7927059698849916
1048576,512,7,4,0,1,1.7958679106086493
1048576,512,7,4,0,1,1.8178477957844734
1048576,512,7,4,0,1,1.8225468415766954
1048576,512,7,4,0,1,1.8230276368558407
1048576,512,7,4,0,1,1.8302246313542128
1048576,512,7,4,0,1,1.8415110874921083
1048576,512,7,4,0,1,1.8480245377868414
1048576,512,7,4,0,1,1.8499544635415077
1048576,512,7,4,0,1,1.9243869725614786
1048576,512,7,4,0,1,1.9287723563611507
1048576,512,7,4,0,1,1.937408771365881
1048576,512,7,4,0,1,1.996710216626525
1048576,512,7,4,0,1,2.0365288611501455
1048576,512,7,4,0,1,2.140009868890047
1048576,512,7,4,1,0,1.741458809003234
1048576,512,7,4,1,0,1.7651527803391218
1048576,512,7,4,1,0,1.7985510621219873
1048576,512,7,4,1,0,1.7986160311847925
1048576,512,7,4,1,0,1.807083174586296
1048576,512,7,4,1,0,1.8182222861796618
1048576,512,7,4,1,0,1.8185324650257826
1048576,512,7,4,1,0,1.8228474110364914
1048576,512,7,4,1,0,1.8299745935946703
1048576,512,7,4,1,0,1.8336465638130903
1048576,512,7,4,1,0,1.8348858915269375
1048576,512,7,4,1,0,1.8365493696182966
1048576,512,7,4,1,0,1.8465874549001455
1048576,512,7,4,1,0,1.9059792179614305
1048576,512,7,4,1,0,1.9176845159381628
1048576,512,7,4,1,0,1.9490912314504385
1048576,512,7,4,1,0,1.9502876307815313
1048576,512,7,4,1,0,2.0172024108469486
1048576,512,7,4,1,0,2.5236851423978806
1048576,512,7,4,1,0,3.0848154593259096
1048576,512,7,4,1,1,1.7211062405258417
1048576,512,7,4,1,1,1.7400343883782625
1048576,512,7,4,1,1,1.7408771440386772
1048576,512,7,4,1,1,1.7675573658198118
1048576,512,7,4,1,1,1.7677862159907818
1048576,512,7,4,1,1,1.7701077591627836
1048576,512,7,4,1,1,1.7721564434468746
1048576,512,7,4,1,1,1.7865267787128687
1048576,512,7,4,1,1,1.794267788529396
1048576,512,7,4,1,1,1.8150661829859018
1048576,512,7,4,1,1,1.8166911397129297
1048576,512,7,4,1,1,1.8170976806432009
1048576,512,7,4,1,1,1.8225816488265991
1048576,512,7,4,1,1,1.82775205001235
1048576,512,7,4,1,1,1.8305177502334118
1048576,512,7,4,1,1,1.8926528692245483
1048576,512,7,4,1,1,1.9963715225458145
1048576,512,7,4,1,1,2.007496202364564
1048576,512,7,4,1,1,2.012209676206112
1048576,512,7,4,1,1,2.103258030489087
2097152,256,28,4,0,0,7.155710833147168
2097152,256,28,4,0,0,7.289173372089863
2097152,256,28,4,0,0,7.31624598801136
2097152,256,28,4,0,0,7.328610148280859
2097152,256,28,4,0,0,7.3877977561205626
2097152,256,28,4,0,0,7.3878889214247465
2097152,256,28,4,0,0,7.40784751996398
2097152,256,28,4,0,0,7.455815222114325
2097152,256,28,4,0,0,7.468652542680502
2097152,256,28,4,0,0,7.49443787150085
2097152,256,28,4,0,0,7.506830535829067
2097152,256,28,4,0,0,7.5191755220294
2097152,256,28,4,0,0,7.535254305228591
2097152,256,28,4,0,0,7.542374342679977
2097152,256,28,4,0,0,7.563360806554556
2097152,256,28,4,0,0,7.662122093141079
2097152,256,28,4,0,0,7.707549596205354
2097152,256,28,4,0,0,7.821522818878293
2097152,256,28,4,0,0,7.825168080627918
2097152,256,28,4,0,0,8.215890297666192
2097152,256,28,4,0,1,7.243527146056294
2097152,256,28,4,0,1,7.283019602298737
2097152,256,28,4,0,1,7.338803309947252
2097152,256,28,4,0,1,7.352513287216425
2097152,256,28,4,0,1,7.379668997600675
2097152,256,28,4,0,1,7.426433976739645
2097152,256,28,4,0,1,7.455967495217919
2097152,256,28,4,0,1,7.470863662660122
2097152,256,28,4,0,1,7.537628510966897
2097152,256,28,4,0,1,7.543460574001074
2097152,256,28,4,0,1,7.546637015417218
2097152,256,28,4,0,1,7.550682934001088
2097152,256,28,4,0,1,7.566876728087664
2097152,256,28,4,0,1,7.6029542200267315
2097152,256,28,4,0,1,7.624564087018371
2097152,256,28,4,0,1,7.640876401215792
2097152,256,28,4,0,1,7.731526928022504
2097152,256,28,4,0,1,7.736639693379402
2097152,256,28,4,0,1,7.749903144314885
2097152,256,28,4,0,1,7.933803454041481
2097152,256,28,4,1,0,6.849846316501498
2097152,256,28,4,1,0,7.1153082605451345
2097152,256,28,4,1,0,7.128956390544772
2097152,256,28,4,1,0,7.158154850825667
2097152,256,28,4,1,0,7.165769621729851
2097152,256,28,4,1,0,7.190962204709649
2097152,256,28,4,1,0,7.195493906736374
2097152,256,28,4,1,0,7.220244070515037
2097152,256,28,4,1,0,7.245106924325228
2097152,256,28,4,1,0,7.290104212239385
2097152,256,28,4,1,0,7.294365242123604
2097152,256,28,4,1,0,7.348822697997093
2097152,256,28,4,1,0,7.385301051661372
2097152,256,28,4,1,0,7.407047312706709
2097152,256,28,4,1,0,7.413660088554025
2097152,256,28,4,1,0,7.51238396205008
2097152,256,28,4,1,0,7.517803521826863
2097152,256,28,4,1,0,7.555418876931071
2097152,256,28,4,1,0,7.650003639981151
2097152,256,28,4,1,0,7.872494785115123
2097152,256,28,4,1,1,7.056463683024049
2097152,256,28,4,1,1,7.061495002359152
2097152,256,28,4,1,1,7.104028057307005
2097152,256,28,4,1,1,7.106551416218281
2097152,256,28,4,1,1,7.135611284524202
2097152,256,28,4,1,1,7.156348740682006
2097152,256,28,4,1,1,7.230176972225308
2097152,256,28,4,1,1,7.248031418770552
2097152,256,28,4,1,1,7.250856352970004
2097152,256,28,4,1,1,7.319900905713439
2097152,256,28,4,1,1,7.329187050461769
2097152,256,28,4,1,1,7.339675858616829
2097152,256,28,4,1,1,7.351117482408881
2097152,256,28,4,1,1,7.358613349497318
2097152,256,28,4,1,1,7.3878829050809145
2097152,256,28,4,1,1,7.49592031352222
2097152,256,28,4,1,1,7.554209504276514
2097152,256,28,4,1,1,7.60379490442574
2097152,256,28,4,1,1,7.826085299253464
2097152,256,28,4,1,1,8.21627951785922
2097152,512,7,4,0,0,1.8217620989307761
2097152,512,7,4,0,0,1.8325133537873626
2097152,512,7,4,0,0,1.8398504629731178
2097152,512,7,4,0,0,1.8402747670188546
2097152,512,7,4,0,0,1.840573619119823
2097152,512,7,4,0,0,1.841905027627945
2097152,512,7,4,0,0,1.8420367008075118
2097152,512,7,4,0,0,1.8482033759355545
2097152,512,7,4,0,0,1.8528511421754956
2097152,512,7,4,0,0,1.8800061801448464
2097152,512,7,4,0,0,1.8820675276219845
2097152,512,7,4,0,0,1.8825901178643107
2097152,512,7,4,0,0,1.8838770193979144
2097152,512,7,4,0,0,1.897847075946629
2097152,512,7,4,0,0,1.9017980126664042
2097152,512,7,4,0,0,1.914339641109109
2097152,512,7,4,0,0,1.9432817036285996
2097152,512,7,4,0,0,1.9624306755140424
2097152,512,7,4,0,0,1.9636249765753746
2097152,512,7,4,0,0,2.1394462529569864
2097152,512,7,4,0,1,1.825935478322208
2097152,512,7,4,0,1,1.830680064857006
2097152,512,7,4,0,1,1.8442650912329555
2097152,512,7,4,0,1,1.844615237787366
2097152,512,7,4,0,1,1.8455360624939203
2097152,512,7,4,0,1,1.8607404083013535
2097152,512,7,4,0,1,1.8659721110016108
2097152,512,7,4,0,1,1.8736273301765323
2097152,512,7,4,0,1,1.8767408393323421
2097152,512,7,4,0,1,1.8928765375167131
2097152,512,7,4,0,1,1.928016509860754
2097152,512,7,4,0,1,1.9361961176618934
2097152,512,7,4,0,1,1.9452032800763845
2097152,512,7,4,0,1,1.9493643641471863
2097152,512,7,4,0,1,1.951889873482287
2097152,512,7,4,0,1,1.9558355575427413
2097152,512,7,4,0,1,1.9571135276928544
2097152,512,7,4,0,1,1.9737798338755965
2097152,512,7,4,0,1,2.0214722929522395
2097152,512,7,4,0,1,2.220969877205789
2097152,512,7,4,1,0,1.8144474159926176
2097152,512,7,4,1,0,1.8228471437469125
2097152,512,7,4,1,0,1.8274544579908252
2097152,512,7,4,1,0,1.8329172572121024
2097152,512,7,4,1,0,1.8389400616288185
2097152,512,7,4,1,0,1.8401102665811777
2097152,512,7,4,1,0,1.8575614811852574
2097152,512,7,4,1,0,1.8628919571638107
2097152,512,7,4,1,0,1.8645065100863576
2097152,512,7,4,1,0,1.8656599316745996
2097152,512,7,4,1,0,1.8672146378085017
2097152,512,7,4,1,0,1.884031591936946
2097152,512,7,4,1,0,1.8867645543068647
2097152,512,7,4,1,0,1.9042625958099961
2097152,512,7,4,1,0,1.9170687785372138
2097152,512,7,4,1,0,1.9272393072023988
2097152,512,7,4,1,0,1.9313290966674685
2097152,512,7,4,1,0,1.936765231192112
2097152,512,7,4,1,0,2.0099044498056173
2097152,512,7,4,1,0,2.035505653358996
2097152,512,7,4,1,1,1.8040438489988446
2097152,512,7,4,1,1,1.805823516100645
2097152,512,7,4,1,1,1.8088943744078279
2097152,512,7,4,1,1,1.8134290436282754
2097152,512,7,4,1,1,1.8187275230884552
2097152,512,7,4,1,1,1.8232998820021749
2097152,512,7,4,1,1,1.823865469545126
2097152,512,7,4,1,1,1.8244958743453026
2097152,512,7,4,1,1,1.8252353202551603
2097152,512,7,4,1,1,1.832805184647441
2097152,512,7,4,1,1,1.836218404583633
2097152,512,7,4,1,1,1.8377944622188807
2097152,512,7,4,1,1,1.8528791582211852
2097152,512,7,4,1,1,1.8714492749422789
2097152,512,7,4,1,1,1.892499933950603
2097152,512,7,4,1,1,1.926944488659501
2097152,512,7,4,1,1,1.9595308657735586
2097152,512,7,4,1,1,2.021759240888059
2097152,512,7,4,1,1,2.134622097015381
2097152,512,7,4,1,1,2.3227975154295564
4194304,256,28,4,0,0,7.040046636015177
4194304,256,28,4,0,0,7.103442992083728
4194304,256,28,4,0,0,7.109535130672157
4194304,256,28,4,0,0,7.128734108060598
4194304,256,28,4,0,0,7.133030330762267
4194304,256,28,4,0,0,7.13760088570416
4194304,256,28,4,0,0,7.138812272809446
4194304,256,28,4,0,0,7.141167242079973
4194304,256,28,4,0,0,7.149309570901096
4194304,256,28,4,0,0,7.151649569161236
4194304,256,28,4,0,0,7.158200605772436
4194304,256,28,4,0,0,7.230798801407218
4194304,256,28,4,0,0,7.247506415471435
4194304,256,28,4,0,0,7.250964731909335
4194304,256,28,4,0,0,7.252581113949418
4194304,256,28,4,0,0,7.332928824238479
4194304,256,28,4,0,0,7.336552600376308
4194304,256,28,4,0,0,7.425028213299811
4194304,256,28,4,0,0,7.432981041260064
4194304,256,28,4,0,0,7.728000236675143
4194304,256,28,4,0,1,6.842139128595591
4194304,256,28,4,0,1,7.111373742111027
4194304,256,28,4,0,1,7.132354996167123
4194304,256,28,4,0,1,7.156164054758847
4194304,256,28,4,0,1,7.164998204447329
4194304,256,28,4,0,1,7.172497277148068
4194304,256,28,4,0,1,7.1809712359681726
4194304,256,28,4,0,1,7.189000935293734
4194304,256,28,4,0,1,7.195087076164782
4194304,256,28,4,0,1,7.201941109262407
4194304,256,28,4,0,1,7.210145762190223
4194304,256,28,4,0,1,7.211323800496757
4194304,256,28,4,0,1,7.2262275367975235
4194304,256,28,4,0,1,7.230728711001575
4194304,256,28,4,0,1,7.2451954344287515
4194304,256,28,4,0,1,7.322339175269008
4194304,256,28,4,0,1,7.373260201886296
4194304,256,28,4,0,1,7.439970412291586
4194304,256,28,4,0,1,8.036801083944738
4194304,256,28,4,0,1,8.60451934300363
4194304,256,28,4,1,0,6.948406030423939
4194304,256,28,4,1,0,6.955103877000511
4194304,256,28,4,1,0,6.965089262463152
4194304,256,28,4,1,0,6.987370337359607
4194304,256,28,4,1,0,7.036267092451453
4194304,256,28,4,1,0,7.0370078179985285
4194304,256,28,4,1,0,7.04073494207114
4194304,256,28,4,1,0,7.053467560559511
4194304,256,28,4,1,0,7.067321035079658
4194304,256,28,4,1,0,7.070299907587469
4194304,256,28,4,1,0,7.1028352389112115
4194304,256,28,4,1,0,7.104073813185096
4194304,256,28,4,1,0,7.126582082360983
4194304,256,28,4,1,0,7.145955671556294
4194304,256,28,4,1,0,7.146310081705451
4194304,256,28,4,1,0,7.163477857597172
4194304,256,28,4,1,0,7.227130448445678
4194304,256,28,4,1,0,7.269215275533497
4194304,256,28,4,1,0,7.353229976259172
4194304,256,28,4,1,0,7.725601551122963
4194304,256,28,4,1,1,6.93809325248003
4194304,256,28,4,1,1,6.972752605564892
4194304,256,28,4,1,1,6.9897640608251095
4194304,256,28,4,1,1,7.000229327939451
4194304,256,28,4,1,1,7.052355892024934
4194304,256,28,4,1,1,7.1003396501764655
4194304,256,28,4,1,1,7.103225906379521
4194304,256,28,4,1,1,7.113248728215694
4194304,256,28,4,1,1,7.121952519752085
4194304,256,28,4,1,1,7.130766589194536
4194304,256,28,4,1,1,7.131286768242717
4194304,256,28,4,1,1,7.133097665384412
4194304,256,28,4,1,1,7.162773133255541
4194304,256,28,4,1,1,7.168266205117106
4194304,256,28,4,1,1,7.1722364677116275
4194304,256,28,4,1,1,7.191118611954153
4194304,256,28,4,1,1,7.191827573813498
4194304,256,28,4,1,1,7.260175127536058
4194304,256,28,4,1,1,7.2720081666484475
4194304,256,28,4,1,1,7.728744613938034
4194304,512,7,4,0,0,1.7191851153038442
4194304,512,7,4,0,0,1.7464883676730096
4194304,512,7,4,0,0,1.752866541966796
4194304,512,7,4,0,0,1.7572632487863302
4194304,512,7,4,0,0,1.757565779145807
4194304,512,7,4,0,0,1.7606349429115653
4194304,512,7,4,0,0,1.7651896085590124
4194304,512,7,4,0,0,1.7658953601494431
4194304,512,7,4,0,0,1.7667082245461643
4194304,512,7,4,0,0,1.7667398555204272
4194304,512,7,4,0,0,1.7701386441476643
4194304,512,7,4,0,0,1.7717975336126983
4194304,512,7,4,0,0,1.77472515264526
4194304,512,7,4,0,0,1.7762011708691716
4194304,512,7,4,0,0,1.7797838444821537
4194304,512,7,4,0,0,1.7917015817947686
4194304,512,7,4,0,0,1.7960464702919126
4194304,512,7,4,0,0,1.804145224392414
4194304,512,7,4,0,0,1.8136991979554296
4194304,512,7,4,0,0,1.8406858127564192
4194304,512,7,4,0,1,1.716287194751203
4194304,512,7,4,0,1,1.7170413034036756
4194304,512,7,4,0,1,1.7258606241084635
4194304,512,7,4,0,1,1.7341226525604725
4194304,512,7,4,0,1,1.746004062704742
4194304,512,7,4,0,1,1.755699573084712
4194304,512,7,4,0,1,1.7593223280273378
4194304,512,7,4,0,1,1.7636477290652692
4194304,512,7,4,0,1,1.764365670736879
4194304,512,7,4,0,1,1.7669022721238434
4194304,512,7,4,0,1,1.7675866158679128
4194304,512,7,4,0,1,1.770980621688068
4194304,512,7,4,0,1,1.7780402163043618
4194304,512,7,4,0,1,1.7861467199400067
4194304,512,7,4,0,1,1.7878644024021924
4194304,512,7,4,0,1,1.7916057035326958
4194304,512,7,4,0,1,1.7931942311115563
4194304,512,7,4,0,1,1.7978378999978304
4194304,512,7,4,0,1,1.8247593180276453
4194304,512,7,4,0,1,1.9417532146908343
4194304,512,7,4,1,0,1.706438650842756
4194304,512,7,4,1,0,1.7242330783046782
4194304,512,7,4,1,0,1.7303312798030674
4194304,512,7,4,1,0,1.7415353925898671
4194304,512,7,4,1,0,1.74291269807145
4194304,512,7,4,1,0,1.7446093787439167
4194304,512,7,4,1,0,1.7447211109101772
4194304,512,7,4,1,0,1.7457377691753209
4194304,512,7,4,1,0,1.75226806756109
4194304,512,7,4,1,0,1.7545400210656226
4194304,512,7,4,1,0,1.7551157833077013
4194304,512,7,4,1,0,1.7590119424276054
4194304,512,7,4,1,0,1.7627544794231653
4194304,512,7,4,1,0,1.7637778716161847
4194304,512,7,4,1,0,1.7781186974607408
4194304,512,7,4,1,0,1.7794361673295498
4194304,512,7,4,1,0,1.7799756261520088
4194304,512,7,4,1,0,1.7998579586856067
4194304,512,7,4,1,0,1.8037032992579043
4194304,512,7,4,1,0,1.8571536396630108
4194304,512,7,4,1,1,1.6991152418777347
4194304,512,7,4,1,1,1.7315350868739188
4194304,512,7,4,1,1,1.7319993888959289
4194304,512,7,4,1,1,1.7489237827248871
4194304,512,7,4,1,1,1.7513136458583176
4194304,512,7,4,1,1,1.7521897498518229
4194304,512,7,4,1,1,1.759755234234035
4194304,512,7,4,1,1,1.7612531147897243
4194304,512,7,4,1,1,1.7615699023008347
4194304,512,7,4,1,1,1.7626070962287486
4194304,512,7,4,1,1,1.763569448608905
4194304,512,7,4,1,1,1.7655169693753123
4194304,512,7,4,1,1,1.7663322668522596
4194304,512,7,4,1,1,1.7713263547047973
4194304,512,7,4,1,1,1.7723210616968572
4194304,512,7,4,1,1,1.7737847222015262
4194304,512,7,4,1,1,1.803195923101157
4194304,512,7,4,1,1,1.8081298000179231
4194304,512,7,4,1,1,1.8130522556602955
4194304,512,7,4,1,1,1.8147934610024095
8388608,256,28,4,0,0,6.84800517372787
8388608,256,28,4,0,0,7.021056965459138
8388608,256,28,4,0,0,7.071794607210904
8388608,256,28,4,0,0,7.100198802538216
8388608,256,28,4,0,0,7.101863516960293
8388608,256,28,4,0,0,7.102543822489679
8388608,256,28,4,0,0,7.105608638841659
8388608,256,28,4,0,0,7.1083461456000805
8388608,256,28,4,0,0,7.117525600362569
8388608,256,28,4,0,0,7.1224250961095095
8388608,256,28,4,0,0,7.1247497401200235
8388608,256,28,4,0,0,7.164791017305106
8388608,256,28,4,0,0,7.170457914937288
8388608,256,28,4,0,0,7.1789577710442245
8388608,256,28,4,0,0,7.208871742710471
8388608,256,28,4,0,0,7.236026086378843
8388608,256,28,4,0,0,7.2681406987831
8388608,256,28,4,0,0,7.275932638905942
8388608,256,28,4,0,0,7.545205777976662
8388608,256,28,4,0,0,9.36581198265776
8388608,256,28,4,0,1,7.013764072209597
8388608,256,28,4,0,1,7.04431595094502
8388608,256,28,4,0,1,7.048840866889805
8388608,256,28,4,0,1,7.092421034350991
8388608,256,28,4,0,1,7.093183886259794
8388608,256,28,4,0,1,7.115689059719443
8388608,256,28,4,0,1,7.116238362155855
8388608,256,28,4,0,1,7.117070959415287
8388608,256,28,4,0,1,7.124217310920358
8388608,256,28,4,0,1,7.129583214409649
8388608,256,28,4,0,1,7.133713809773326
8388608,256,28,4,0,1,7.135180399287492
8388608,256,28,4,0,1,7.138385357800871
8388608,256,28,4,0,1,7.1385424616746604
8388608,256,28,4,0,1,7.146761949639767
8388608,256,28,4,0,1,7.17647800128907
8388608,256,28,4,0,1,7.2089930064976215
8388608,256,28,4,0,1,7.227642125450075
8388608,256,28,4,0,1,7.30704080266878
8388608,256,28,4,0,1,7.376872849650681
8388608,256,28,4,1,0,6.795053088571876
8388608,256,28,4,1,0,6.957479752600193
8388608,256,28,4,1,0,6.9936508485116065
8388608,256,28,4,1,0,7.0051271840929985
8388608,256,28,4,1,0,7.009858028031886
8388608,256,28,4,1,0,7.032901776954532
8388608,256,28,4,1,0,7.044500318355858
8388608,256,28,4,1,0,7.0475469175726175
8388608,256,28,4,1,0,7.0501676965504885
8388608,256,28,4,1,0,7.0652496591210365
8388608,256,28,4,1,0,7.084922301582992
8388608,256,28,4,1,0,7.115858569741249
8388608,256,28,4,1,0,7.1276156678795815
8388608,256,28,4,1,0,7.131083183456212
8388608,256,28,4,1,0,7.185408876277506
8388608,256,28,4,1,0,7.205682274885476
8388608,256,28,4,1,0,7.227205730509013
8388608,256,28,4,1,0,7.241895192768425
8388608,256,28,4,1,0,7.388045041356236
8388608,256,28,4,1,0,7.593898825813085
8388608,256,28,4,1,1,6.791471128817648
8388608,256,28,4,1,1,6.967253907583654
8388608,256,28,4,1,1,6.9953107931651175
8388608,256,28,4,1,1,7.03726796945557
8388608,256,28,4,1,1,7.0442438665777445
8388608,256,28,4,1,1,7.0508752297610044
8388608,256,28,4,1,1,7.057879916392267
8388608,256,28,4,1,1,7.070045399945229
8388608,256,28,4,1,1,7.075721825007349
8388608,256,28,4,1,1,7.076007207855582
8388608,256,28,4,1,1,7.088895745575428
8388608,256,28,4,1,1,7.090217433404177
8388608,256,28,4,1,1,7.101257210131735
8388608,256,28,4,1,1,7.103080118075013
8388608,256,28,4,1,1,7.104829014278948
8388608,256,28,4,1,1,7.107647712808102
8388608,256,28,4,1,1,7.148204849567264
8388608,256,28,4,1,1,7.185622610617429
8388608,256,28,4,1,1,7.257563102524728
8388608,256,28,4,1,1,7.7042447393760085
8388608,512,7,4,0,0,1.6565720255021006
8388608,512,7,4,0,0,1.6612931105773896
8388608,512,7,4,0,0,1.6629631202667952
8388608,512,7,4,0,0,1.6634224997833371
8388608,512,7,4,0,0,1.6647352206055075
8388608,512,7,4,0,0,1.66485053463839
8388608,512,7,4,0,0,1.6654994983691722
8388608,512,7,4,0,0,1.6682919962331653
8388608,512,7,4,0,0,1.6724150222726166
8388608,512,7,4,0,0,1.6752130950335413
8388608,512,7,4,0,0,1.6814673792105168
8388608,512,7,4,0,0,1.6956344998907298
8388608,512,7,4,0,0,1.7245484341401607
8388608,512,7,4,0,0,1.7330220055300742
8388608,512,7,4,0,0,1.736653426894918
8388608,512,7,4,0,0,1.7397918591741472
8388608,512,7,4,0,0,1.7494231364689767
8388608,512,7,4,0,0,1.7724383771419525
8388608,512,7,4,0,0,1.797433633590117
8388608,512,7,4,0,0,1.802912733051926
8388608,512,7,4,0,1,1.6040019816718996
8388608,512,7,4,0,1,1.6585569509770721
8388608,512,7,4,0,1,1.6634339538868517
8388608,512,7,4,0,1,1.6659582359716296
8388608,512,7,4,0,1,1.666337565286085
8388608,512,7,4,0,1,1.6697684270329773
8388608,512,7,4,0,1,1.6707071936689317
8388608,512,7,4,0,1,1.6712839896790683
8388608,512,7,4,0,1,1.6850295159965754
8388608,512,7,4,0,1,1.6923403532709926
8388608,512,7,4,0,1,1.692350892815739
8388608,512,7,4,0,1,1.6992405280470848
8388608,512,7,4,0,1,1.7033560548443347
8388608,512,7,4,0,1,1.7045751097612083
8388608,512,7,4,0,1,1.7093107281252742
8388608,512,7,4,0,1,1.727061597397551
8388608,512,7,4,0,1,1.7451132575515658
8388608,512,7,4,0,1,1.752276185201481
8388608,512,7,4,0,1,1.7540544369257987
8388608,512,7,4,0,1,1.7564535960555077
8388608,512,7,4,1,0,1.638153798878193
8388608,512,7,4,1,0,1.6576234796084464
8388608,512,7,4,1,0,1.6632162688765675
8388608,512,7,4,1,0,1.6635900584515184
8388608,512,7,4,1,0,1.68170321197249
8388608,512,7,4,1,0,1.6824978066142648
8388608,512,7,4,1,0,1.6835962641052902
8388608,512,7,4,1,0,1.6841815721709281
8388608,512,7,4,1,0,1.685023550875485
8388608,512,7,4,1,0,1.685529502807185
8388608,512,7,4,1,0,1.6884118195157498
8388608,512,7,4,1,0,1.6885543048847467
8388608,512,7,4,1,0,1.6935208539944142
8388608,512,7,4,1,0,1.6959284907206893
8388608,512,7,4,1,0,1.6977628297172487
8388608,512,7,4,1,0,1.699461041484028
8388608,512,7,4,1,0,1.7017551243770868
8388608,512,7,4,1,0,1.707687578862533
8388608,512,7,4,1,0,1.7126500881277025
8388608,512,7,4,1,0,1.7690599570050836
8388608,512,7,4,1,1,1.6435337176080793
8388608,512,7,4,1,1,1.6543105505406857
8388608,512,7,4,1,1,1.661438678856939
8388608,512,7,4,1,1,1.6656592241488397
8388608,512,7,4,1,1,1.6664275955408812
8388608,512,7,4,1,1,1.6664720240514725
8388608,512,7,4,1,1,1.667256155051291
8388608,512,7,4,1,1,1.6690245573408902
8388608,512,7,4,1,1,1.6720267680939287
8388608,512,7,4,1,1,1.6745048835873604
8388608,512,7,4,1,1,1.6845535030588508
8388608,512,7,4,1,1,1.6846143971197307
8388608,512,7,4,1,1,1.685305417748168
8388608,512,7,4,1,1,1.6914737911429256
8388608,512,7,4,1,1,1.6941642493475229
8388608,512,7,4,1,1,1.694704899797216
8388608,512,7,4,1,1,1.6962671710643917
8388608,512,7,4,1,1,1.7023700147401541
8388608,512,7,4,1,1,1.7088691734243184
8388608,512,7,4,1,1,1.7476827832870185
