Size (B),Block Size (B),Write Chn,Read Chn,Local Buffer Size (B),Time (ns),Inst,Cycle,Cache Ref,Cache Miss,Pipe RW,Pipe Stall,Pipe Sync
131072,4096,1,3,0,0.366247,3.54787,1.44507,0.0703369,1.87723e-9,0.000976562,4.36564e-11,1.57163e-9
131072,4096,2,2,0,0.285522,2.54786,1.12689,0.0706005,1.10595e-9,0.000976562,1.4843e-9,6.8103e-9
131072,4096,2,6,0,0.675245,6.54787,2.6646,0.071226,4.54047e-9,0.000976562,8.73168e-11,3.05609e-9
131072,4096,3,1,0,0.373782,1.5479,1.47531,0.0685115,1.17872e-9,0.000976562,7.20331e-8,4.3914e-7
131072,4096,4,4,0,0.482248,4.54789,1.85821,0.0693297,3.0268e-9,0.000976562,4.81959e-8,2.76719e-7
131072,4096,4,12,0,1.30304,12.5479,5.1418,0.072193,8.03315e-9,0.000976562,1.74634e-10,6.28681e-9
131072,4096,6,2,0,0.666241,2.58498,2.62888,0.0721312,5.67559e-9,0.000976562,0.000673576,0.000674157
131072,4096,8,8,0,0.886749,8.54792,3.49926,0.0705185,6.17001e-9,0.000976562,2.04425e-7,4.58211e-7
131072,4096,12,4,0,1.32005,4.67046,5.18995,0.0806741,1.22244e-8,0.000976562,0.000976488,0.00217395
131072,8192,1,3,0,0.348856,3.52394,1.37644,0.0664784,1.87723e-9,0.000488281,6.1119e-10,3.84176e-9
131072,8192,2,2,0,0.265988,2.52393,1.0498,0.0672792,6.98492e-10,0.000488281,5.82077e-11,1.10595e-9
131072,8192,2,6,0,0.665659,6.52395,2.58806,0.0676032,2.70682e-9,0.000488281,8.73168e-11,3.14341e-9
131072,8192,3,1,0,0.347844,1.52394,1.37291,0.0654259,1.57163e-8,0.000488281,6.54846e-10,4.58392e-9
131072,8192,4,4,0,0.449236,4.52395,1.77304,0.0662606,5.76256e-9,0.000488281,6.14673e-8,6.68806e-8
131072,8192,4,12,0,1.28912,12.524,5.08796,0.0704821,5.23901e-9,0.000488281,1.74634e-10,6.28681e-9
131072,8192,6,2,0,0.659456,2.5639,2.60294,0.0686211,2.96877e-9,0.000488281,0.000488261,0.000722101
131072,8192,8,8,0,0.866562,8.52402,3.41913,0.0666028,6.51926e-9,0.000488281,1.08697e-6,1.09687e-6
131072,8192,12,4,0,1.28304,4.64672,5.06218,0.0673959,1.27483e-8,0.000488281,0.000488255,0.00194966
131072,16384,1,3,0,0.358206,3.51196,1.34319,0.06471,6.8104e-9,0.000244141,2.05185e-9,8.86225e-9
131072,16384,2,2,0,0.257873,2.51197,0.993892,0.0646841,2.32831e-9,0.000244141,2.99769e-9,5.58794e-9
131072,16384,2,6,0,0.656321,6.51199,2.5515,0.0652213,4.27852e-9,0.000244141,8.73168e-11,3.14341e-9
131072,16384,3,1,0,0.332955,1.51201,1.31394,0.0639361,1.48432e-9,0.000244141,6.74928e-8,3.90114e-7
131072,16384,4,4,0,0.440432,4.51202,1.73324,0.0649016,5.84987e-8,0.000244141,1.57976e-7,5.10423e-7
131072,16384,4,12,0,1.27744,12.512,5.02401,0.0661157,6.60115e-8,0.000244141,1.74634e-10,6.11218e-9
131072,16384,6,2,0,0.650873,2.55092,2.56893,0.0660873,7.85851e-9,0.000244141,0.000244115,0.000672943
131072,16384,8,8,0,0.882041,8.51235,3.37755,0.0649096,1.46683e-8,0.000244141,6.41006e-6,6.42776e-6
131072,16384,12,4,0,1.27619,4.62749,5.03674,0.0661714,1.64156e-8,0.000244141,0.000244131,0.00152347
262144,8192,1,3,0,0.352992,3.52394,1.39291,0.0664701,2.13926e-9,0.000488281,4.36584e-11,1.52804e-9
262144,8192,2,2,0,0.271372,2.52394,1.07109,0.067892,1.77533e-9,0.000488281,2.91038e-11,1.04774e-9
262144,8192,2,6,0,0.653509,6.52395,2.57918,0.0672399,6.02486e-9,0.000488281,8.73168e-11,3.05609e-9
262144,8192,3,1,0,0.348667,1.52398,1.37611,0.0655601,2.05195e-9,0.000488281,9.07222e-8,5.1971e-7
262144,8192,4,4,0,0.453903,4.52403,1.77787,0.0663091,2.85218e-9,0.000488281,4.94241e-7,1.16829e-6
262144,8192,4,12,0,1.28577,12.524,5.07263,0.0700668,1.85146e-8,0.000488281,1.74666e-10,6.28796e-9
262144,8192,6,2,0,0.656039,2.56447,2.58871,0.0670918,7.07266e-9,0.000488281,0.000488177,0.000731802
262144,8192,8,8,0,0.864936,8.524,3.41321,0.0665712,1.29221e-8,0.000488281,4.28059e-7,5.96745e-7
262144,8192,12,4,0,1.28443,4.64576,5.06837,0.0692063,1.55452e-8,0.000488281,0.000488248,0.00194027
262144,16384,1,3,0,0.342631,3.51198,1.35229,0.0653772,1.52804e-9,0.000244141,8.73168e-11,2.35755e-9
262144,16384,2,2,0,0.256011,2.51197,1.01035,0.0648849,1.05356e-8,0.000244141,6.40284e-10,4.04543e-9
262144,16384,2,6,0,0.652867,6.51199,2.53828,0.0650848,7.59656e-9,0.000244141,8.73168e-11,3.14341e-9
262144,16384,3,1,0,0.331964,1.51203,1.3102,0.0640833,2.13926e-9,0.000244141,8.82336e-8,5.73235e-7
262144,16384,4,4,0,0.440615,4.512,1.73827,0.0647593,5.93718e-9,0.000244141,3.13972e-7,3.20841e-7
262144,16384,4,12,0,1.27362,12.512,5.02508,0.0658652,1.24013e-8,0.000244141,1.74666e-10,6.1133e-9
262144,16384,6,2,0,0.65057,2.5512,2.56694,0.0661118,7.7712e-9,0.000244141,0.000244111,0.000677248
262144,16384,8,8,0,0.871311,8.51229,3.37994,0.0649458,7.91624e-9,0.000244141,5.08281e-6,5.23531e-6
262144,16384,12,4,0,1.27788,4.62788,5.04275,0.0662975,1.86892e-8,0.000244141,0.000244127,0.0015268
262144,32768,1,3,0,0.339294,3.506,1.33051,0.0644416,5.28267e-9,0.00012207,4.36584e-11,1.5717e-9
262144,32768,2,2,0,0.252326,2.50599,0.995363,0.0641694,1.7375e-8,0.00012207,3.7835e-10,2.73576e-9
262144,32768,2,6,0,0.639556,6.50601,2.52369,0.0647178,8.55705e-9,0.00012207,8.73168e-11,3.14341e-9
262144,32768,3,1,0,0.330683,1.5075,1.30497,0.0640618,3.44901e-9,0.00012207,2.61881e-5,2.68581e-5
262144,32768,4,4,0,0.43814,4.50647,1.71602,0.0641915,4.88944e-9,0.00012207,7.75675e-6,8.22946e-6
262144,32768,4,12,0,1.26753,12.506,5.00295,0.0647559,1.01306e-8,0.00012207,1.74666e-10,6.1133e-9
262144,32768,6,2,0,0.644405,2.54721,2.54353,0.0645819,6.54876e-9,0.00012207,0.000122048,0.000607593
262144,32768,8,8,0,0.852925,8.50659,3.36574,0.0646162,1.11759e-8,0.00012207,1.03685e-5,1.03783e-5
262144,32768,12,4,0,1.26947,4.61417,5.00944,0.064649,2.27065e-8,0.00012207,0.000122065,0.00109203
524288,16384,1,3,0,0.337867,3.51198,1.33329,0.0647387,7.7712e-9,0.000244141,4.36584e-11,1.5717e-9
524288,16384,2,2,0,0.258844,2.51197,1.01888,0.0651432,6.40284e-9,0.000244141,2.91038e-11,1.01863e-9
524288,16384,2,6,0,0.644162,6.51199,2.54233,0.065696,2.70732e-9,0.000244141,8.73328e-11,3.14398e-9
524288,16384,3,1,0,0.33298,1.512,1.31415,0.0641997,2.2877e-8,0.000244141,4.85918e-8,2.74349e-7
524288,16384,4,4,0,0.439105,4.51207,1.73308,0.0649675,3.3644e-8,0.000244141,1.00106e-6,1.35851e-6
524288,16384,4,12,0,1.29156,12.512,5.02448,0.0663351,2.42785e-8,0.000244141,1.74666e-10,6.1133e-9
524288,16384,6,2,0,0.648789,2.55117,2.56076,0.0661023,1.35366e-8,0.000244141,0.000244104,0.000676645
524288,16384,8,8,0,0.857593,8.51224,3.38473,0.0647071,2.82889e-8,0.000244141,4.0119e-6,4.18397e-6
524288,16384,12,4,0,1.27606,4.62784,5.03667,0.0663778,2.20079e-8,0.000244141,0.00024412,0.00152647
524288,32768,1,3,0,0.338032,3.506,1.33367,0.0644333,7.81486e-9,0.00012207,4.36584e-11,1.5717e-9
524288,32768,2,2,0,0.252466,2.50599,0.996415,0.0639381,3.17232e-9,0.00012207,2.91038e-11,1.04774e-9
524288,32768,2,6,0,0.638591,6.50601,2.51975,0.0641976,1.89512e-8,0.00012207,8.73328e-11,3.14398e-9
524288,32768,3,1,0,0.330872,1.50636,1.30533,0.0641022,1.45383e-8,0.00012207,5.46376e-6,6.1988e-6
524288,32768,4,4,0,0.434439,4.50637,1.71448,0.0642164,8.90577e-9,0.00012207,5.59853e-6,6.19615e-6
524288,32768,4,12,0,1.26848,12.506,5.00626,0.0646885,2.16585e-8,0.00012207,1.74666e-10,6.28796e-9
524288,32768,6,2,0,0.641662,2.54695,2.53275,0.0646886,1.04799e-8,0.00012207,0.000122064,0.000605003
524288,32768,8,8,0,0.853918,8.5065,3.37003,0.0643906,5.51809e-8,0.00012207,7.99913e-6,8.43836e-6
524288,32768,12,4,0,1.27155,4.61451,5.01727,0.0648391,6.1657e-8,0.00012207,0.000122061,0.00109383
524288,65536,1,3,0,0.333362,3.50301,1.31567,0.0635453,7.50925e-9,6.10352e-5,8.73168e-11,2.22658e-9
524288,65536,1,3,32768,0.332611,3.5038,1.31276,0.0638103,6.15584e-9,6.10352e-5,4.36584e-11,1.52804e-9
524288,65536,2,2,0,0.249557,2.503,0.984564,0.0635764,7.68341e-9,6.10352e-5,2.91038e-11,1.01863e-9
524288,65536,2,2,32768,0.254273,2.50379,0.99796,0.0634593,1.71422e-8,6.10352e-5,2.91038e-11,1.04774e-9
524288,65536,2,6,0,0.636963,6.50302,2.51287,0.0636558,1.83399e-8,6.10352e-5,1.74666e-10,4.62864e-9
524288,65536,2,6,32768,0.637837,6.50381,2.5167,0.0638901,1.59819e-8,6.10352e-5,8.73328e-11,3.14398e-9
524288,65536,3,1,0,0.335202,1.5224,1.29646,0.0634987,1.72451e-8,6.10352e-5,6.10307e-5,0.00028991
524288,65536,3,1,32768,0.327884,1.74041,1.29175,0.0635522,1.40143e-8,6.10352e-5,6.10243e-5,0.000191346
524288,65536,4,4,0,0.439237,4.50384,1.71003,0.0634746,9.42964e-9,6.10352e-5,1.42099e-5,1.47084e-5
524288,65536,4,4,32768,0.432313,4.51335,1.70622,0.0634223,3.27709e-8,6.10352e-5,4.88944e-8,2.38011e-7
524288,65536,4,12,0,1.26356,12.503,4.98511,0.0636392,3.61558e-8,6.10352e-5,1.74666e-10,6.28796e-9
524288,65536,4,12,32768,1.26239,12.5038,4.98153,0.0631856,2.74225e-8,6.10352e-5,1.74666e-10,6.1133e-9
524288,65536,6,2,0,0.641308,2.55435,2.53092,0.0635559,1.32746e-8,6.10352e-5,6.10316e-5,0.0005309
524288,65536,6,2,32768,0.641015,2.76984,2.53009,0.0635531,7.31936e-7,6.10352e-5,6.10317e-5,0.000459777
524288,65536,8,8,0,0.850933,8.50374,3.35735,0.0635211,3.2247e-8,6.10352e-5,1.23763e-5,1.27507e-5
524288,65536,8,8,32768,0.851669,8.51356,3.36132,0.0635342,3.45754e-8,6.10352e-5,2.09548e-9,1.24564e-8
524288,65536,12,4,0,1.28043,4.60632,5.00953,0.0636684,2.70732e-8,6.10352e-5,6.10304e-5,0.000728825
524288,65536,12,4,32768,1.26668,4.8235,4.99785,0.0636847,3.70291e-8,6.10352e-5,6.10301e-5,0.000694173
1048576,32768,1,3,0,0.336081,3.506,1.32636,0.064486,6.39626e-7,0.00012207,4.36664e-11,1.57199e-9
1048576,32768,2,2,0,0.258563,2.50599,1.01998,0.0644498,8.95016e-6,0.00012207,2.91038e-11,1.04774e-9
1048576,32768,2,6,0,0.640703,6.50601,2.52883,0.0647901,2.26882e-6,0.00012207,8.73328e-11,3.14398e-9
1048576,32768,3,1,0,0.338017,1.5087,1.30503,0.0644541,1.85582e-6,0.00012207,4.80922e-5,4.87297e-5
1048576,32768,4,4,0,0.436014,4.50645,1.72068,0.0644838,1.10071e-7,0.00012207,7.61962e-6,7.91874e-6
1048576,32768,4,12,0,1.26574,12.506,4.99522,0.0645873,0.000691389,0.00012207,1.74794e-10,6.29257e-9
1048576,32768,6,2,0,0.643686,2.54737,2.53051,0.064524,1.5781e-7,0.00012207,0.000122059,0.000609759
1048576,32768,8,8,0,0.853278,8.50655,3.36736,0.0645287,2.63168e-6,0.00012207,9.25199e-6,9.51544e-6
1048576,32768,12,4,0,1.26945,4.61449,5.01039,0.0647156,1.07502e-5,0.00012207,0.000122057,0.00109333
1048576,65536,1,3,0,0.33175,3.503,1.30935,0.063607,6.89755e-7,6.10352e-5,4.36664e-11,1.57199e-9
1048576,65536,1,3,32768,0.333321,3.5038,1.31557,0.0638247,4.92426e-7,6.10352e-5,4.36664e-11,1.57199e-9
1048576,65536,2,2,0,0.253914,2.503,1.00215,0.0632405,5.18176e-6,6.10352e-5,2.91038e-11,1.04774e-9
1048576,65536,2,2,32768,0.258369,2.50379,1.014,0.0633976,1.66072e-6,6.10352e-5,2.91038e-11,1.04774e-9
1048576,65536,2,6,0,0.636576,6.50302,2.51262,0.0636138,5.8499e-6,6.10352e-5,8.73328e-11,3.14398e-9
1048576,65536,2,6,32768,0.636094,6.50381,2.51002,0.063832,7.33299e-6,6.10352e-5,8.73328e-11,3.14398e-9
1048576,65536,3,1,0,0.329045,1.52221,1.29871,0.0636418,6.09976e-6,6.10352e-5,6.10289e-5,0.000288121
1048576,65536,3,1,32768,0.328014,1.74046,1.29422,0.0636644,2.10297e-7,6.10352e-5,6.10164e-5,0.000191958
1048576,65536,4,4,0,0.432069,4.50372,1.70452,0.0634377,1.46899e-6,6.10352e-5,1.24269e-5,1.27592e-5
1048576,65536,4,4,32768,0.438287,4.513,1.70274,0.063447,7.94535e-8,6.10352e-5,1.97906e-8,7.68923e-8
1048576,65536,4,12,0,1.26506,12.503,4.99101,0.0636021,0.000181545,6.10352e-5,1.74794e-10,6.29257e-9
1048576,65536,4,12,32768,1.26322,12.5038,4.98572,0.0636845,7.78812e-5,6.10352e-5,1.74794e-10,6.29257e-9
1048576,65536,6,2,0,0.64077,2.55404,2.52885,0.0636805,5.55437e-8,6.10352e-5,6.103e-5,0.000529213
1048576,65536,6,2,32768,0.64202,2.76959,2.53322,0.0635448,2.49292e-6,6.10352e-5,6.10306e-5,0.000458104
1048576,65536,8,8,0,0.846653,8.50316,3.34102,0.0633682,4.00818e-7,6.10352e-5,2.38977e-6,2.44868e-6
1048576,65536,8,8,32768,0.850439,8.5125,3.35532,0.0636867,2.5297e-7,6.10352e-5,1.62981e-9,1.05938e-8
1048576,65536,12,4,0,1.27538,4.60548,4.98571,0.0638098,1.91049e-7,6.10352e-5,6.10304e-5,0.00072625
1048576,65536,12,4,32768,1.26677,4.82341,4.99639,0.0636248,4.68342e-6,6.10352e-5,6.10273e-5,0.000693876
1048576,131072,1,3,0,0.330816,3.50151,1.30552,0.0629864,9.59962e-7,3.05176e-5,4.36664e-11,1.57199e-9
1048576,131072,1,3,32768,0.330204,3.50191,1.30317,0.0630089,4.76138e-7,3.05176e-5,4.36664e-11,1.57199e-9
1048576,131072,2,2,0,0.251903,2.5015,0.994217,0.063002,1.54169e-6,3.05176e-5,2.91038e-11,1.04774e-9
1048576,131072,2,2,32768,0.259519,2.5019,1.01154,0.0628243,1.1776e-6,3.05176e-5,2.91038e-11,1.04774e-9
1048576,131072,2,6,0,0.660213,6.50152,2.50385,0.0630237,1.53756e-5,3.05176e-5,8.73328e-11,3.14398e-9
1048576,131072,2,6,32768,0.634659,6.50192,2.50486,0.062903,2.18201e-6,3.05176e-5,8.73328e-11,3.14398e-9
1048576,131072,3,1,0,0.326952,1.51938,1.28984,0.0630636,6.90803e-8,3.05176e-5,3.05154e-5,0.000216879
1048576,131072,3,1,32768,0.327049,1.62937,1.29043,0.0630058,2.82915e-7,3.05176e-5,3.05151e-5,0.00018968
1048576,131072,4,4,0,0.433279,4.50229,1.7005,0.0629762,1.59605e-6,3.05176e-5,1.25046e-5,1.39722e-5
1048576,131072,4,4,32768,0.43044,4.50987,1.69788,0.0630432,4.48199e-8,3.05176e-5,1.234e-8,4.81959e-8
1048576,131072,4,12,0,1.2611,12.5016,4.9774,0.0630941,2.93313e-5,3.05176e-5,1.74794e-10,6.29257e-9
1048576,131072,4,12,32768,1.26997,12.5019,4.97633,0.0629702,4.90926e-6,3.05176e-5,1.74794e-10,6.11778e-9
1048576,131072,6,2,0,0.657484,2.55081,2.52329,0.0631061,3.78151e-8,3.05176e-5,3.05157e-5,0.000357253
1048576,131072,6,2,32768,0.638538,2.66001,2.51933,0.0629462,4.95177e-8,3.05176e-5,3.0515e-5,0.000341718
1048576,131072,8,8,0,0.849009,8.50222,3.35044,0.0630115,1.59454e-6,3.05176e-5,9.36294e-6,1.23987e-5
1048576,131072,8,8,32768,0.849254,8.51514,3.3513,0.0630729,9.51113e-8,3.05176e-5,1.28057e-9,1.01281e-8
1048576,131072,12,4,0,1.26542,4.60033,4.99364,0.063113,5.06377e-7,3.05176e-5,3.05153e-5,0.000457073
1048576,131072,12,4,32768,1.26817,4.70992,5.00492,0.0630883,7.7958e-8,3.05176e-5,3.05143e-5,0.000449441
2097152,65536,1,3,0,0.33133,3.503,1.30759,0.0635244,0.00120886,6.10352e-5,4.36664e-11,1.57199e-9
2097152,65536,1,3,32768,0.330287,3.5038,1.30287,0.0636157,0.000956262,6.10352e-5,4.36664e-11,1.57199e-9
2097152,65536,2,2,0,0.238003,2.503,0.929594,0.062853,0.00019388,6.10352e-5,2.91038e-11,1.04774e-9
2097152,65536,2,2,32768,0.230531,2.50379,0.909775,0.0632766,0.000481498,6.10352e-5,2.91038e-11,1.04774e-9
2097152,65536,2,6,0,0.642279,6.50302,2.53481,0.0636076,0.00227042,6.10352e-5,8.73968e-11,3.14629e-9
2097152,65536,2,6,32768,0.636229,6.50381,2.51099,0.0633056,0.000331744,6.10352e-5,8.73968e-11,3.14629e-9
2097152,65536,3,1,0,0.328124,1.52197,1.29496,0.06371,4.66794e-8,6.10352e-5,6.10281e-5,0.000285392
2097152,65536,3,1,32768,0.329017,1.74056,1.29847,0.0636235,2.41781e-6,6.10352e-5,6.10185e-5,0.000193408
2097152,65536,4,4,0,0.431089,4.50353,1.70094,0.063529,1.18313e-6,6.10352e-5,9.09803e-6,9.26101e-6
2097152,65536,4,4,32768,0.43339,4.51405,1.71015,0.0638023,1.1432e-7,6.10352e-5,3.31784e-8,7.53789e-8
2097152,65536,4,12,0,1.26619,12.503,4.99678,0.0636202,0.00567232,6.10352e-5,0,0
2097152,65536,4,12,32768,1.26431,12.5038,4.98965,0.0638456,0.00240178,6.10352e-5,1.74794e-10,6.29257e-9
2097152,65536,6,2,0,0.639959,2.55385,2.52563,0.0633041,1.23667e-7,6.10352e-5,6.10266e-5,0.000528125
2097152,65536,6,2,32768,0.641813,2.77,2.53265,0.0637867,1.29347e-7,6.10352e-5,6.10258e-5,0.000460946
2097152,65536,8,8,0,0.849727,8.50344,3.35235,0.0634671,5.59492e-7,6.10352e-5,7.21985e-6,7.37864e-6
2097152,65536,8,8,32768,0.850178,8.51036,3.35426,0.063718,1.16415e-7,6.10352e-5,5.82077e-10,6.75209e-9
2097152,65536,12,4,0,1.26304,4.60544,4.98294,0.0637447,3.92587e-7,6.10352e-5,6.10283e-5,0.000726306
2097152,65536,12,4,32768,1.28703,4.82373,5.00271,0.0638366,1.18353e-6,6.10352e-5,6.10276e-5,0.000695036
2097152,131072,1,3,0,0.333646,3.50151,1.31662,0.0629947,0.0018305,3.05176e-5,4.36664e-11,1.57199e-9
2097152,131072,1,3,32768,0.324471,3.50191,1.28057,0.0631531,0.000189083,3.05176e-5,4.36664e-11,1.57199e-9
2097152,131072,2,2,0,0.249519,2.5015,0.984673,0.0630251,0.00345023,3.05176e-5,2.91038e-11,1.04774e-9
2097152,131072,2,2,32768,0.229742,2.5019,0.903258,0.0628898,0.00015735,3.05176e-5,2.91038e-11,1.04774e-9
2097152,131072,2,6,0,0.639655,6.50152,2.52447,0.0630608,0.00156408,3.05176e-5,8.73968e-11,3.14629e-9
2097152,131072,2,6,32768,0.6562,6.50192,2.53201,0.0630091,0.00356417,3.05176e-5,8.73968e-11,3.14629e-9
2097152,131072,3,1,0,0.327253,1.51945,1.29139,0.0630699,2.74225e-8,3.05176e-5,3.05147e-5,0.000217312
2097152,131072,3,1,32768,0.327001,1.62937,1.29043,0.0630254,5.34913e-8,3.05176e-5,3.0514e-5,0.000189678
2097152,131072,4,4,0,0.430927,4.50218,1.70029,0.0630137,7.02566e-8,3.05176e-5,1.13868e-5,1.19466e-5
2097152,131072,4,4,32768,0.431268,4.51207,1.70178,0.063092,5.40807e-7,3.05176e-5,1.4843e-8,6.13509e-8
2097152,131072,4,12,0,1.26576,12.5016,4.99556,0.0630113,0.00595816,3.05176e-5,1.74794e-10,6.46737e-9
2097152,131072,4,12,32768,1.26206,12.5019,4.98106,0.0630118,0.00237915,3.05176e-5,1.74794e-10,6.29257e-9
2097152,131072,6,2,0,0.643025,2.55077,2.52408,0.0631227,9.58743e-8,3.05176e-5,3.05139e-5,0.000357089
2097152,131072,6,2,32768,0.641939,2.66,2.5229,0.0631111,1.48749e-7,3.05176e-5,3.05133e-5,0.000341688
2097152,131072,8,8,0,0.848488,8.50222,3.34763,0.0627952,1.33808e-6,3.05176e-5,9.26782e-6,1.21854e-5
2097152,131072,8,8,32768,0.848764,8.51173,3.34904,0.0631327,5.96046e-6,3.05176e-5,1.04774e-9,4.77303e-9
2097152,131072,12,4,0,1.26366,4.60025,4.98637,0.0629168,1.37388e-7,3.05176e-5,3.05143e-5,0.000457081
2097152,131072,12,4,32768,1.2694,4.7098,5.00119,0.0631641,2.58345e-7,3.05176e-5,3.05136e-5,0.000449327
2097152,262144,1,3,0,0.341463,3.50076,1.34719,0.0627105,0.00383267,1.52588e-5,4.36664e-11,1.57199e-9
2097152,262144,1,3,32768,0.323941,3.50096,1.27836,0.0627206,0.000429203,1.52588e-5,4.36664e-11,1.57199e-9
2097152,262144,2,2,0,0.227387,2.50076,0.897314,0.0626914,0.000375896,1.52588e-5,2.91038e-11,1.04774e-9
2097152,262144,2,2,32768,0.228244,2.50096,0.900518,0.0626732,0.000549777,1.52588e-5,2.91038e-11,1.04774e-9
2097152,262144,2,6,0,0.652275,6.50078,2.57339,0.0626905,0.00786292,1.52588e-5,8.73968e-11,3.14629e-9
2097152,262144,2,6,32768,0.644935,6.50097,2.54446,0.0627734,0.00399164,1.52588e-5,8.73968e-11,3.14629e-9
2097152,262144,3,1,0,0.328712,1.5177,1.28536,0.0626887,3.13961e-8,1.52588e-5,1.52572e-5,0.000151899
2097152,262144,3,1,32768,0.326908,1.57298,1.29007,0.0627898,1.29646e-7,1.52588e-5,1.52573e-5,0.00014441
2097152,262144,4,4,0,0.431181,4.50155,1.7014,0.0628318,8.35629e-7,1.52588e-5,1.00457e-5,1.39485e-5
2097152,262144,4,4,32768,0.429928,4.51164,1.69644,0.0629225,5.39818e-7,1.52588e-5,1.25146e-8,5.30854e-8
2097152,262144,4,12,0,1.26606,12.5008,4.99479,0.0627536,0.0148159,1.52588e-5,1.74794e-10,6.29257e-9
2097152,262144,4,12,32768,1.2824,12.501,4.9993,0.0627414,0.0194147,1.52588e-5,1.74794e-10,6.29257e-9
2097152,262144,6,2,0,0.641377,2.54797,2.52088,0.0628338,3.19899e-6,1.52588e-5,1.52569e-5,0.000225346
2097152,262144,6,2,32768,0.636948,2.60251,2.51198,0.0628435,9.23785e-8,1.52588e-5,1.5257e-5,0.000220791
2097152,262144,8,8,0,0.848198,8.5014,3.34668,0.0627742,1.3919e-5,1.52588e-5,5.80284e-6,1.05042e-5
2097152,262144,8,8,32768,0.853319,8.51357,3.356,0.0629519,3.32727e-6,1.52588e-5,6.0536e-9,2.57278e-8
2097152,262144,12,4,0,1.26399,4.5969,4.98789,0.0628183,1.73395e-7,1.52588e-5,1.52574e-5,0.000275603
2097152,262144,12,4,32768,1.26387,4.65172,4.98748,0.0628158,1.60985e-7,1.52588e-5,1.52574e-5,0.000274044
4194304,131072,1,3,0,0.360636,3.5015,1.42347,0.0629709,0.0077357,3.05176e-5,0,0
4194304,131072,1,3,32768,0.339287,3.50189,1.33724,0.0630847,0.00275124,3.05176e-5,0,0
4194304,131072,2,2,0,0.2225,2.5015,0.878127,0.062913,5.18048e-8,3.05176e-5,2.91038e-11,6.40284e-10
4194304,131072,2,2,32768,0.223308,2.50189,0.881276,0.0628976,4.95929e-8,3.05176e-5,2.91038e-11,4.07454e-10
4194304,131072,2,6,0,0.67064,6.5015,2.64652,0.0629937,0.0150471,3.05176e-5,0,0
4194304,131072,2,6,32768,0.637222,6.50189,2.51531,0.0630394,0.000902586,3.05176e-5,0,0
4194304,131072,3,1,0,0.325745,1.51925,1.28526,0.0630499,7.59042e-8,3.05176e-5,3.05145e-5,0.00021595
4194304,131072,3,1,32768,0.332116,1.62859,1.28886,0.0630092,1.2548e-6,3.05176e-5,3.05128e-5,0.000181532
4194304,131072,4,4,0,0.430601,4.50217,1.69923,0.0628233,1.09372e-7,3.05176e-5,1.13901e-5,1.21393e-5
4194304,131072,4,4,32768,0.431288,4.51246,1.70175,0.0631494,1.88185e-7,3.05176e-5,1.15251e-8,4.61005e-8
4194304,131072,4,12,0,1.26879,12.5015,5.00812,0.0630217,0.017538,3.05176e-5,0,0
4194304,131072,4,12,32768,1.26455,12.5019,4.9913,0.063143,0.00616304,3.05176e-5,0,0
4194304,131072,6,2,0,0.644749,2.5507,2.5246,0.0631471,2.64201e-7,3.05176e-5,3.05128e-5,0.000356973
4194304,131072,6,2,32768,0.636175,2.65974,2.51089,0.0630432,2.01625e-7,3.05176e-5,3.05137e-5,0.000340926
4194304,131072,8,8,0,0.845191,8.50173,3.33548,0.0629921,3.93856e-6,3.05176e-5,3.39025e-6,4.14683e-6
4194304,131072,8,8,32768,0.84967,8.51272,3.35313,0.0631605,3.29223e-7,3.05176e-5,5.82077e-10,2.91038e-9
4194304,131072,12,4,0,1.26712,4.60054,5.00145,0.0631768,4.34062e-7,3.05176e-5,3.05106e-5,0.000457175
4194304,131072,12,4,32768,1.26528,4.70962,4.99375,0.0631886,9.21944e-7,3.05176e-5,3.05107e-5,0.000449006
4194304,262144,1,3,0,0.385872,3.50075,1.52212,0.0626952,0.0142559,1.52588e-5,0,0
4194304,262144,1,3,32768,0.330429,3.50095,1.30397,0.0626984,0.0013358,1.52588e-5,0,0
4194304,262144,2,2,0,0.222516,2.50075,0.877768,0.062691,8.54197e-8,1.52588e-5,0,0
4194304,262144,2,2,32768,0.222409,2.50095,0.877414,0.0625896,8.6322e-8,1.52588e-5,2.91038e-11,5.52973e-10
4194304,262144,2,6,0,0.668533,6.50075,2.63736,0.0627394,0.0147983,1.52588e-5,0,0
4194304,262144,2,6,32768,0.645699,6.50095,2.54774,0.0627472,0.00479688,1.52588e-5,0,0
4194304,262144,3,1,0,0.331843,1.51776,1.28286,0.0628199,7.82639e-8,1.52588e-5,1.52573e-5,0.000152266
4194304,262144,3,1,32768,0.326649,1.57295,1.28861,0.0627789,1.321e-7,1.52588e-5,1.52576e-5,0.000144317
4194304,262144,4,4,0,0.430411,4.50149,1.69826,0.0628665,9.98843e-8,1.52588e-5,9.58715e-6,1.32392e-5
4194304,262144,4,4,32768,0.429822,4.51179,1.69584,0.0628078,1.22294e-7,1.52588e-5,9.83709e-9,4.29573e-8
4194304,262144,4,12,0,1.2637,12.5007,4.98652,0.0627405,0.00881883,1.52588e-5,0,0
4194304,262144,4,12,32768,1.26528,12.5009,4.99192,0.0627499,0.0134633,1.52588e-5,0,0
4194304,262144,6,2,0,0.639087,2.54799,2.52184,0.0628577,1.95769e-7,1.52588e-5,1.52569e-5,0.000225423
4194304,262144,6,2,32768,0.638913,2.60286,2.52129,0.0628253,2.37632e-7,1.52588e-5,1.52568e-5,0.000221392
4194304,262144,8,8,0,0.8462,8.50138,3.3385,0.0626717,3.89293e-7,1.52588e-5,6.00773e-6,1.10408e-5
4194304,262144,8,8,32768,0.848175,8.51057,3.34671,0.0628905,3.25963e-7,1.52588e-5,3.95812e-9,1.61817e-8
4194304,262144,12,4,0,1.26473,4.59694,4.99047,0.0627234,3.6727e-7,1.52588e-5,1.5256e-5,0.000275613
4194304,262144,12,4,32768,1.26883,4.65171,4.98695,0.0628484,4.30381e-7,1.52588e-5,1.52555e-5,0.000274005
4194304,524288,1,3,0,0.33379,3.50037,1.31715,0.0626063,0.00175463,7.62939e-6,0,0
4194304,524288,1,3,32768,0.334097,3.50049,1.31841,0.0626286,0.00200374,7.62939e-6,4.36984e-11,1.61684e-9
4194304,524288,2,2,0,0.222145,2.50037,0.876489,0.062618,1.45574e-6,7.62939e-6,0,0
4194304,524288,2,2,32768,0.222538,2.50047,0.878051,0.0626304,5.90808e-8,7.62939e-6,2.91038e-11,5.82077e-10
4194304,524288,2,6,0,0.643022,6.50037,2.53765,0.0626047,0.0036564,7.62939e-6,0,0
4194304,524288,2,6,32768,0.670137,6.50047,2.64357,0.0626116,0.017446,7.62939e-6,0,0
4194304,524288,3,1,0,0.326164,1.51644,1.28702,0.0626832,6.94805e-8,7.62939e-6,7.62878e-6,9.87799e-5
4194304,524288,3,1,32768,0.326202,1.54428,1.2873,0.0626733,1.25109e-7,7.62939e-6,7.6287e-6,9.70555e-5
4194304,524288,4,4,0,0.429707,4.50112,1.69553,0.0627033,1.23284e-7,7.62939e-6,5.50621e-6,1.27202e-5
4194304,524288,4,4,32768,0.4288,4.50916,1.69145,0.0628718,1.43074e-7,7.62939e-6,2.03727e-8,9.17935e-8
4194304,524288,4,12,0,1.27024,12.5004,5.01084,0.0626292,0.0199622,7.62939e-6,0,0
4194304,524288,4,12,32768,1.26091,12.5005,4.97572,0.0626293,0.00450744,7.62939e-6,0,0
4194304,524288,6,2,0,0.636443,2.54607,2.51115,0.0626945,2.07305e-7,7.62939e-6,7.62843e-6,0.000136298
4194304,524288,6,2,32768,0.640687,2.57362,2.51173,0.0626614,2.08092e-7,7.62939e-6,7.62861e-6,0.000135241
4194304,524288,8,8,0,0.847261,8.50108,3.34283,0.0626989,2.17929e-7,7.62939e-6,4.07849e-6,1.12387e-5
4194304,524288,8,8,32768,0.843938,8.50427,3.32992,0.0627223,1.19956e-5,7.62939e-6,2.17813e-7,3.56464e-7
4194304,524288,12,4,0,1.27158,4.5949,4.99013,0.0627198,3.54472e-7,7.62939e-6,7.62799e-6,0.000161807
4194304,524288,12,4,32768,1.26609,4.62253,4.99417,0.0627152,4.56326e-7,7.62939e-6,7.62782e-6,0.000161225
